id	Label	ScanNr	primary	xCorrLib	xCorrModel	LogDotProduct	logWeightedDotProduct	sumOfSquaredErrors	weightedSumOfSquaredErrors	numberOfMatchingPeaks	numberOfMatchingPeaksAboveThreshold	averageAbsFragmentDeltaMass	averageFragmentDeltaMasses	isotopeDotProduct	averageAbsParentDeltaMass	averageParentDeltaMass	eValue	numMissedCleavage	pepLength	charge1	charge2	charge3	charge4	precursorMz	precursorMass	RTinMin	sequence	Proteins	score
2023_05_31_mouse_tcell_100FC+PRTC_100fmol_100ng_60k_PRM_50cm_wtrap_01.mzml:1261.3104:AAADDGEEPKSEPETK+3	1	9443	11.031397	1.74308	1.0887078	5.471633	5.1738477	0.010081099	0.005078354	9	6	0.86304086	0.10562307	0.90847754	2.0203996	2.0203996	-0.85458946	1	16	0	0	1	0	558.5882064	1672.74279	21.021841	-.AAADDGEEPKSEPETK.-	sp|P28352|APEX1_MOUSE	0.014758403693921993
2023_05_31_mouse_tcell_100FC+PRTC_100fmol_100ng_60k_PRM_50cm_wtrap_01.mzml:1317.3513:AAATPESQEPQAK+2	1	9857	7.9353094	1.6745397	1.8102838	5.0779767	4.7646675	0.018626878	0.00887234	6	4	2.7202942	-0.6205349	0	10	10	0.17253637	0	13	0	1	0	0	664.3280568	1326.641561	21.955854	-.AAATPESQEPQAK.-	sp|P28667|MRP_MOUSE	0.009584320451202
2023_05_31_mouse_tcell_100FC+PRTC_100fmol_100ng_60k_PRM_50cm_wtrap_01.mzml:1359.8153:decoyAAQPEQSEPTAAK+2	-1	10171	0	-0.003961051	0.33877045	0	0	0.18311755	0.18526919	0	0	0	0	0	10	10	-3	0	13	0	1	0	0	664.3280568	1326.641561	22.663588	-.AAQPEQSEPTAAK.-	DECOY_DECOY_sp|P28667|MRP_MOUSE	-0.026506620533271002
2023_05_31_mouse_tcell_100FC+PRTC_100fmol_100ng_60k_PRM_50cm_wtrap_01.mzml:2729.5679:ADDGRPFPQVIK+3	1	20300	13.941477	1.8611777	1.7509332	7.381714	7.0836053	0.010214488	0.005141718	10	1	1.1830914	0.88731855	0.99992526	4.0126467	3.6083405	-2.4965749	0	12	0	0	1	0	448.2419767	1341.704101	45.492798	-.ADDGRPFPQVIK.-	sp|P05064|ALDOA_MOUSE	0.010940468787473994
2023_05_31_mouse_tcell_100FC+PRTC_100fmol_100ng_60k_PRM_50cm_wtrap_01.mzml:4505.5156:decoyAFAEEWVPSNTSYTR+2	-1	33430	4.2852902	0.21470274	0.3805816	4.2852902	4.2883196	0.91305834	0.9194497	1	1	0.63497066	-0.476228	0	10	10	-2.4286776	0	15	0	1	0	0	879.4101043	1756.805656	75.09193	-.AFAEEWVPSNTSYTR.-	DECOY_DECOY_sp|Q3U7R1|ESYT1_MOUSE	-0.13213476760899998
2023_05_31_mouse_tcell_100FC+PRTC_100fmol_100ng_60k_PRM_50cm_wtrap_01.mzml:3641.4639:AGC[+57.0214635]QVVAPSDMMDGRVEAIK+3	1	27043	7.736473	0.96644396	0.7065896	4.8791404	4.581032	0.0423047	0.021295128	6	0	2.0507355	-1.5380516	0	10	10	0.14176941	1	20	0	0	1	0	712.0078374	2133.001683	60.691063	-.AGC[+57.0214635]QVVAPSDMMDGRVEAIK.-	sp|P10518|HEM2_MOUSE	0.007545229013802002
2023_05_31_mouse_tcell_100FC+PRTC_100fmol_100ng_60k_PRM_50cm_wtrap_01.mzml:3736.581:decoyAIAEVRGDMMDSPAVVQC[+57.0214635]GK+3	-1	27746	4.3324313	0.13228847	0.59726614	4.031401	4.0343227	0.4635136	0.46664232	2	0	1.5327924	-1.1495943	0	10	10	-2.181749	1	20	0	0	1	0	712.007837	2133.001682	62.276352	-.AIAEVRGDMMDSPAVVQC[+57.0214635]GK.-	DECOY_DECOY_sp|P10518|HEM2_MOUSE	-0.06621115010190999
2023_05_31_mouse_tcell_100FC+PRTC_100fmol_100ng_60k_PRM_50cm_wtrap_01.mzml:2495.6426:AIGNIVTGTDEQTQK+2	1	18570	12.813986	2.1228561	3.4232628	6.254223	5.956869	0.002258129	0.001138661	10	6	0.3570089	-0.17296511	0.9970239	2.6060731	1.5160179	-1.5435474	0	15	0	1	0	0	787.9046603	1573.794768	41.594044	-.AIGNIVTGTDEQTQK.-	sp|P52293|IMA1_MOUSE	0.017096645147455
2023_05_31_mouse_tcell_100FC+PRTC_100fmol_100ng_60k_PRM_50cm_wtrap_01.mzml:4073.0708:AILSTKPPGTFLLR+3	1	30234	11.21897	0.9127089	1.5559058	5.659207	5.361206	0.008841186	0.004451538	9	2	0.47503802	-0.3486256	0.92251366	1.6996146	0.6986567	1.1211224	0	14	0	0	1	0	505.30821	1512.902801	67.884514	-.AILSTKPPGTFLLR.-	sp|P42227|STAT3_MOUSE	0.009156858352405994
2023_05_31_mouse_tcell_100FC+PRTC_100fmol_100ng_60k_PRM_50cm_wtrap_01.mzml:4961.1846:AILVDLEPGTMDSVR+2	1	36796	13.923508	2.090945	3.4835024	7.3637447	7.0660677	0.001807479	9.11E-04	10	7	0.19141482	0.13358961	0.9993658	3.4431198	2.7384193	-2.056383	0	15	0	1	0	0	808.4216308	1614.828709	82.68641	-.AILVDLEPGTMDSVR.-	sp|P99024|TBB5_MOUSE;sp|Q7TMM9|TBB2A_MOUSE;sp|Q9CWF2|TBB2B_MOUSE;sp|Q9ERD7|TBB3_MOUSE	0.015272284523995996
2023_05_31_mouse_tcell_100FC+PRTC_100fmol_100ng_60k_PRM_50cm_wtrap_01.mzml:2715.7817:decoyAIVQPFPRGDDK+3	-1	20198	8.621889	0.4989191	0.47320145	6.5427074	6.293047	0.23595132	0.14432815	5	1	3.1242259	-2.3431695	0.99717647	3.5821354	2.723944	-2.2606268	1	12	0	0	1	0	448.2419767	1341.704101	45.263027	-.AIVQPFPRGDDK.-	DECOY_DECOY_sp|P05064|ALDOA_MOUSE	-0.027074238880230007
2023_05_31_mouse_tcell_100FC+PRTC_100fmol_100ng_60k_PRM_50cm_wtrap_01.mzml:3740.7546:decoyAKVESAFVAEASATSDIC[+57.0214635]NK+3	-1	27777	4.89029	0.04558451	0.20684199	4.89029	4.895899	0.93812937	0.9503251	1	0	0.32195994	0.24146995	0	10	10	-3	1	20	0	0	1	0	700.0088877	2097.004834	62.34591	-.AKVESAFVAEASATSDIC[+57.0214635]NK.-	DECOY_DECOY_sp|P35550|FBRL_MOUSE	-0.14020457783111998
2023_05_31_mouse_tcell_100FC+PRTC_100fmol_100ng_60k_PRM_50cm_wtrap_01.mzml:4073.0708:decoyALLFTGPPKTSLIR+3	-1	30234	6.393994	0.27743712	0.73012453	5.0137825	4.7157817	0.23612936	0.1667587	4	0	1.9591393	-1.4693545	0.92251366	1.6996146	0.6986567	-1.9015015	1	14	0	0	1	0	505.30821	1512.902801	67.884514	-.ALLFTGPPKTSLIR.-	DECOY_DECOY_sp|P42227|STAT3_MOUSE	-0.029257581969590003
2023_05_31_mouse_tcell_100FC+PRTC_100fmol_100ng_60k_PRM_50cm_wtrap_01.mzml:3564.7969:decoyALSLPVYWLTK+2	-1	26476	6.151491	0.2810647	0.42927969	4.77128	4.7774253	0.21314594	0.21461517	4	0	3.6598155	-1.8186816	0	10	10	-2.8017235	0	11	0	1	0	0	645.8764523	1289.738352	59.41328	-.ALSLPVYWLTK.-	DECOY_DECOY_sp|Q91V12|BACH_MOUSE	-0.030555107231520006
2023_05_31_mouse_tcell_100FC+PRTC_100fmol_100ng_60k_PRM_50cm_wtrap_01.mzml:5524.7964:ALTVPELTQQMFDSK+2	1	40955	9.055981	1.3895212	1.8487481	5.35355	5.054686	0.022598004	0.011355497	7	6	1.1200424	-0.213157	0.9988262	2.03872	1.7892097	-2.4111524	0	15	0	1	0	0	854.4347388	1706.854925	92.07994	-.ALTVPELTQQMFDSK.-	sp|Q7TMM9|TBB2A_MOUSE;sp|Q9CWF2|TBB2B_MOUSE	0.010144787835938997
2023_05_31_mouse_tcell_100FC+PRTC_100fmol_100ng_60k_PRM_50cm_wtrap_01.mzml:4570.2144:ANC[+57.0214635]IDSTASAEAVFASEVK+2	1	33908	9.488847	1.9146948	1.9291213	4.883326	4.5853257	0.018647399	0.009388967	8	8	1.5166324	-1.1374743	0	10	10	0.8408289	0	19	0	1	0	0	985.4622123	1968.909872	76.17024	-.ANC[+57.0214635]IDSTASAEAVFASEVK.-	sp|P35550|FBRL_MOUSE	0.019774214128449007
2023_05_31_mouse_tcell_100FC+PRTC_100fmol_100ng_60k_PRM_50cm_wtrap_01.mzml:3884.935:ANC[+57.0214635]IDSTASAEAVFASEVKK+3	1	28843	10.7881975	0.6066107	1.1674055	5.228434	4.933014	0.014318995	0.007252572	9	0	1.1342986	0.74089813	0.66272795	3.0743754	3.0743754	-1.6216245	1	20	0	0	1	0	700.008888	2097.004835	64.74892	-.ANC[+57.0214635]IDSTASAEAVFASEVKK.-	sp|P35550|FBRL_MOUSE	0.008459711271297993
2023_05_31_mouse_tcell_100FC+PRTC_100fmol_100ng_60k_PRM_50cm_wtrap_01.mzml:2730.6697:decoyAPSLILEFAQGSR+2	-1	20308	5.832023	0.20720032	0.47510636	5.530993	5.534346	0.6416753	0.6466482	2	1	0.7828357	0.13996255	0	10	10	-3	0	13	0	1	0	0	694.8802588	1387.745965	45.51116	-.APSLILEFAQGSR.-	DECOY_DECOY_sp|P54227|STMN1_MOUSE	-0.09591677281502001
2023_05_31_mouse_tcell_100FC+PRTC_100fmol_100ng_60k_PRM_50cm_wtrap_01.mzml:5600.2383:decoyAQTQEDTGTVINGIK+2	-1	41511	5.0315557	0.04001664	0.28146607	4.7305255	4.7342014	0.45792815	0.4618205	2	0	2.6677153	-2.0007865	0	10	10	-2.2421112	0	15	0	1	0	0	787.9046603	1573.794768	93.3373	-.AQTQEDTGTVINGIK.-	DECOY_DECOY_sp|P52293|IMA1_MOUSE	-0.06765856209489002
2023_05_31_mouse_tcell_100FC+PRTC_100fmol_100ng_60k_PRM_50cm_wtrap_01.mzml:5468.5327:decoyASDFMQQTLEPVTLK+2	-1	40540	4.5649824	0.18431942	0.11543865	4.2639523	4.2661185	0.4790356	0.48143083	2	0	1.1336955	-0.46345997	0.9047221	4.123855	4.123855	-2.3587544	0	15	0	1	0	0	854.4347388	1706.854925	91.14221	-.ASDFMQQTLEPVTLK.-	DECOY_DECOY_sp|Q7TMM9|TBB2A_MOUSE;DECOY_DECOY_sp|Q9CWF2|TBB2B_MOUSE	-0.06640439297646
2023_05_31_mouse_tcell_100FC+PRTC_100fmol_100ng_60k_PRM_50cm_wtrap_01.mzml:4848.125:ASGQAFELILSPR+2	1	35961	13.501406	2.0171747	3.362113	6.9416428	6.6439657	8.63E-04	4.35E-04	10	8	0.40569195	0.13202667	0.99985	3.5417945	3.1998403	-2.1502361	0	13	0	1	0	0	694.8802588	1387.745965	80.802086	-.ASGQAFELILSPR.-	sp|P54227|STMN1_MOUSE	0.012543282353249995
2023_05_31_mouse_tcell_100FC+PRTC_100fmol_100ng_60k_PRM_50cm_wtrap_01.mzml:1389.4326:decoyATEPESKPEEGDDAAK+3	-1	10390	5.0095863	0.21838073	0.3728467	4.708556	4.6672106	0.5017732	0.47394958	2	0	0.24963951	0.18722963	0.73077935	5.444435	-5.444435	-3	0	16	0	0	1	0	558.5882064	1672.74279	23.15721	-.ATEPESKPEEGDDAAK.-	DECOY_DECOY_sp|P28352|APEX1_MOUSE	-0.07266504205025001
2023_05_31_mouse_tcell_100FC+PRTC_100fmol_100ng_60k_PRM_50cm_wtrap_01.mzml:5790.865:ATLWYVPLSLK+2	1	42916	11.192419	1.8362899	2.024512	5.632655	5.33777	0.01036864	0.005258197	9	8	0.7821336	0.2887301	0.9797043	3.8935578	2.6836226	-0.897027	0	11	0	1	0	0	645.8764523	1289.738352	96.51442	-.ATLWYVPLSLK.-	sp|Q91V12|BACH_MOUSE	0.011746353471603
2023_05_31_mouse_tcell_100FC+PRTC_100fmol_100ng_60k_PRM_50cm_wtrap_01.mzml:4606.4697:ATYSTNSPVWEEAFR+2	1	34176	12.5413685	2.1827981	3.4827504	5.9816046	5.6836042	7.48E-04	3.77E-04	10	9	0.35725093	-0.07289706	0.99198765	3.360533	3.360533	-1.697484	0	15	0	1	0	0	879.4101043	1756.805656	76.7745	-.ATYSTNSPVWEEAFR.-	sp|Q3U7R1|ESYT1_MOUSE	0.019111293174299986
2023_05_31_mouse_tcell_100FC+PRTC_100fmol_100ng_60k_PRM_50cm_wtrap_01.mzml:4477.469:decoyAVESAFVAEASATSDIC[+57.0214635]NK+2	-1	33223	3.9132912	0.1025787	0.100579575	3.9132912	3.9163206	0.8611127	0.8671404	1	1	0.8450961	-0.6338221	0	10	10	-2.5216773	0	19	0	1	0	0	985.4622118	1968.909871	74.62449	-.AVESAFVAEASATSDIC[+57.0214635]NK.-	DECOY_DECOY_sp|P35550|FBRL_MOUSE	-0.12271329800352503
2023_05_31_mouse_tcell_100FC+PRTC_100fmol_100ng_60k_PRM_50cm_wtrap_01.mzml:4672.6943:AVLVDLEPGTMDSVR+2	1	34665	13.709545	2.0741143	3.790255	7.149782	6.851782	0.001630504	8.21E-04	10	7	0.58139056	0.4360429	0.9991861	3.6961994	3.025711	-1.8422122	0	15	0	1	0	0	801.4138058	1600.813059	77.87824	-.AVLVDLEPGTMDSVR.-	sp|P68372|TBB4B_MOUSE;sp|Q9D6F9|TBB4A_MOUSE	0.014703116448695996
2023_05_31_mouse_tcell_100FC+PRTC_100fmol_100ng_60k_PRM_50cm_wtrap_01.mzml:4961.1846:decoyAVSDMTGPELDVLIR+2	-1	36796	5.7521358	0.024154048	0.1449461	5.4511056	5.454458	0.43560648	0.4389825	2	0	0.5598352	-0.29710466	0.9993658	3.4431198	2.7384193	-2.061966	0	15	0	1	0	0	808.4216308	1614.828709	82.68641	-.AVSDMTGPELDVLIR.-	DECOY_DECOY_sp|P99024|TBB5_MOUSE;DECOY_DECOY_sp|Q7TMM9|TBB2A_MOUSE;DECOY_DECOY_sp|Q9CWF2|TBB2B_MOUSE;DECOY_DECOY_sp|Q9ERD7|TBB3_MOUSE	-0.06264057035869199
2023_05_31_mouse_tcell_100FC+PRTC_100fmol_100ng_60k_PRM_50cm_wtrap_01.mzml:4626.936:decoyAVSDMTGPELDVLVR+2	-1	34327	6.5216646	0.16323276	0.5378882	5.743513	5.7029448	0.30760944	0.3033081	3	0	3.1153386	1.0250642	0.8559908	6.7811437	-0.29265293	-2.533224	0	15	0	1	0	0	801.4138058	1600.813059	77.1156	-.AVSDMTGPELDVLVR.-	DECOY_DECOY_sp|P68372|TBB4B_MOUSE;DECOY_DECOY_sp|Q9D6F9|TBB4A_MOUSE	-0.04494445354587001
2023_05_31_mouse_tcell_100FC+PRTC_100fmol_100ng_60k_PRM_50cm_wtrap_01.mzml:1772.0509:decoyDETELTSGDGSHSEEGQPPTR+3	-1	13219	4.515955	0.15834565	0.32003534	4.214925	4.0475345	0.51355094	0.3394849	2	0	0.4542764	0.3407073	0	10	10	-2.3710113	0	21	0	0	1	0	743.6561194	2227.946529	29.534182	-.DETELTSGDGSHSEEGQPPTR.-	DECOY_DECOY_sp|Q8C156|CND2_MOUSE	-0.059674467376850004
2023_05_31_mouse_tcell_100FC+PRTC_100fmol_100ng_60k_PRM_50cm_wtrap_01.mzml:2757.444:decoyDEVKSIWNSK+3	-1	20506	5.2602186	0.2993663	0.35450298	4.482067	4.3714767	0.37134796	0.22806564	3	0	1.9664416	0.27765667	0	10	10	-2.4652185	1	10	0	0	1	0	402.5435434	1204.608801	45.9574	-.DEVKSIWNSK.-	DECOY_DECOY_sp|Q62351|TFR1_MOUSE	-0.04492283880202001
2023_05_31_mouse_tcell_100FC+PRTC_100fmol_100ng_60k_PRM_50cm_wtrap_01.mzml:1602.1548:decoyDFYSEC[+57.0214635]ERK+2	-1	11963	5.848401	0.5485389	0.5641989	5.547371	5.278211	0.5294583	0.33647954	2	0	0.481517	-0.30042267	0.9729493	2.238913	2.238913	-2.1489146	1	9	0	1	0	0	617.2638653	1232.513178	26.70258	-.DFYSEC[+57.0214635]ERK.-	DECOY_DECOY_sp|P04187|GRAB_MOUSE	-0.06263198916494
2023_05_31_mouse_tcell_100FC+PRTC_100fmol_100ng_60k_PRM_50cm_wtrap_01.mzml:1942.5796:decoyDISSSAQPQPGPPR+2	-1	14480	5.2399397	0.56484187	0.5114834	4.9389095	4.944626	0.31267434	0.31681728	2	0	3.3607886	-2.5205915	0.9956158	3.56549	1.3657583	-1.8271027	0	14	0	1	0	0	718.8600548	1435.705557	32.376328	-.DISSSAQPQPGPPR.-	DECOY_DECOY_sp|O54824|IL16_MOUSE	-0.04354703895694999
2023_05_31_mouse_tcell_100FC+PRTC_100fmol_100ng_60k_PRM_50cm_wtrap_01.mzml:3036.9243:decoyDKFEEETFGMR+3	-1	22573	5.6905375	0.1392703	0.18283786	4.912386	4.70558	0.38656357	0.20230648	3	0	4.499271	-3.374453	0	10	10	-2.5854015	1	11	0	0	1	0	463.5432154	1387.607817	50.615406	-.DKFEEETFGMR.-	DECOY_DECOY_sp|P03958|ADA_MOUSE	-0.045696841892339995
2023_05_31_mouse_tcell_100FC+PRTC_100fmol_100ng_60k_PRM_50cm_wtrap_01.mzml:4907.8286:decoyDLIGDC[+57.0214635]LLPSGSDGNC[+57.0214635]SR+2	-1	36402	0	0	0.34449652	0	0	0.113314964	0.1141365	0	0	0	0	0	10	10	-3	0	18	0	1	0	0	968.4303883	1934.846224	81.79714	-.DLIGDC[+57.0214635]LLPSGSDGNC[+57.0214635]SR.-	DECOY_DECOY_sp|P11032|GRAA_MOUSE	-0.010194701909144
2023_05_31_mouse_tcell_100FC+PRTC_100fmol_100ng_60k_PRM_50cm_wtrap_01.mzml:3593.4788:DLSLEEIQK+2	1	26688	11.096369	1.8113352	2.199005	6.4908476	6.1914434	0.004421756	0.002219169	8	3	0.94368106	0.7077608	0.9989403	4.813611	3.1840322	-1.9726627	0	9	0	1	0	0	537.7875038	1073.560455	59.89131	-.DLSLEEIQK.-	sp|P54227|STMN1_MOUSE;sp|P55821|STMN2_MOUSE	0.008742751142254996
2023_05_31_mouse_tcell_100FC+PRTC_100fmol_100ng_60k_PRM_50cm_wtrap_01.mzml:3095.9026:DMGFTEEEFKR+3	1	23009	12.047453	0.6745204	0.86890966	5.4876895	5.15392	0.046036985	0.01706798	10	1	2.7276304	-1.2245235	0.9594284	5.0182066	5.0182066	-1.3605285	1	11	0	0	1	0	463.5432154	1387.607817	51.598377	-.DMGFTEEEFKR.-	sp|P03958|ADA_MOUSE	0.003366577660120003
2023_05_31_mouse_tcell_100FC+PRTC_100fmol_100ng_60k_PRM_50cm_wtrap_01.mzml:1942.5796:DPPGPQPQASSSIR+2	1	14480	9.80826	1.8243057	2.6588488	6.1058297	5.8105164	0.003000064	0.001519907	7	5	1.2033792	-0.90253437	0.9956158	3.56549	1.3657583	-1.9757137	0	14	0	1	0	0	718.8600548	1435.705557	32.376328	-.DPPGPQPQASSSIR.-	sp|O54824|IL16_MOUSE	0.011757845108568993
2023_05_31_mouse_tcell_100FC+PRTC_100fmol_100ng_60k_PRM_50cm_wtrap_01.mzml:3596.048:decoyDQIEELSLK+2	-1	26707	5.514488	0.19674855	0.4013165	4.736337	4.7379627	0.2798364	0.28088576	3	0	0.6994424	0.5245818	0.9999307	5.077826	3.5239093	-3	0	9	0	1	0	0	537.7875038	1073.560455	59.934135	-.DQIEELSLK.-	DECOY_DECOY_sp|P54227|STMN1_MOUSE;DECOY_DECOY_sp|P55821|STMN2_MOUSE	-0.042867319039109994
2023_05_31_mouse_tcell_100FC+PRTC_100fmol_100ng_60k_PRM_50cm_wtrap_01.mzml:1606.0973:DREC[+57.0214635]ESYFK+2	1	11992	10.106262	1.7660904	2.5518746	6.4038315	6.1049676	0.005582271	0.002805091	7	3	0.19138335	-0.027699972	0.96974087	4.859119	4.859119	-2.2333474	1	9	0	1	0	0	617.2638658	1232.513179	26.768288	-.DREC[+57.0214635]ESYFK.-	sp|P04187|GRAB_MOUSE	0.010923356414552998
2023_05_31_mouse_tcell_100FC+PRTC_100fmol_100ng_60k_PRM_50cm_wtrap_01.mzml:4868.182:DSC[+57.0214635]NGDSGSPLLC[+57.0214635]DGILR+2	1	36109	12.184565	2.2512019	3.5981035	5.624801	5.326908	0.001098352	5.53E-04	10	10	0.55324775	-0.30341718	0.9234658	2.8037329	-1.5135665	-1.490385	0	18	0	1	0	0	968.4303893	1934.846226	81.13637	-.DSC[+57.0214635]NGDSGSPLLC[+57.0214635]DGILR.-	sp|P11032|GRAA_MOUSE	0.020489719078797996
2023_05_31_mouse_tcell_100FC+PRTC_100fmol_100ng_60k_PRM_50cm_wtrap_01.mzml:2618.6804:DSNWISKVEK+3	1	19480	7.4394474	0.54966766	0.5762069	4.5821147	4.282602	0.08719377	0.043749474	6	0	0.7867031	-0.46651366	0.534523	0.08631707	0.08631707	4.6952057	1	10	0	0	1	0	402.5435434	1204.608801	43.644672	-.DSNWISKVEK.-	sp|Q62351|TFR1_MOUSE	-0.0005766170934940022
2023_05_31_mouse_tcell_100FC+PRTC_100fmol_100ng_60k_PRM_50cm_wtrap_01.mzml:1581.4723:DTPPQGEESHSGDGSTLETER+3	1	11810	5.228401	0.17699753	0.44573852	4.4502497	4.151602	0.20483552	0.10298106	3	0	0.7230212	0.26553473	0	10	10	-1.5227852	0	21	0	0	1	0	743.6561194	2227.946529	26.357872	-.DTPPQGEESHSGDGSTLETER.-	sp|Q8C156|CND2_MOUSE	-0.01801695134523
2023_05_31_mouse_tcell_100FC+PRTC_100fmol_100ng_60k_PRM_50cm_wtrap_01.mzml:3063.839:EAAGEGPVLYEDPPDQK+2	1	22772	11.807917	1.9130578	3.2486448	6.248153	5.9512296	0.014584539	0.007361546	9	1	1.0368271	-0.7776203	0.9892281	4.6157217	4.6157217	-1.0420575	0	17	0	1	0	0	907.9257848	1813.837017	51.063984	-.EAAGEGPVLYEDPPDQK.-	sp|P28352|APEX1_MOUSE	0.017581903696609995
2023_05_31_mouse_tcell_100FC+PRTC_100fmol_100ng_60k_PRM_50cm_wtrap_01.mzml:2114.5898:EAESSPFVER+2	1	15752	12.4067	2.1438608	2.4679027	6.8469367	6.5483966	0.002529316	0.00127193	9	2	0.80227447	-0.60170585	0.9783737	1.1645241	0.29026377	-2.2535686	0	10	0	1	0	0	575.7723848	1149.530217	35.243164	-.EAESSPFVER.-	sp|P08113|ENPL_MOUSE	0.012672429393414005
2023_05_31_mouse_tcell_100FC+PRTC_100fmol_100ng_60k_PRM_50cm_wtrap_01.mzml:1402.9535:decoyEAETEDAPDKSD+2	-1	10490	0	-0.005197436	0.47924766	0	0	0.1446479	0.14566043	0	0	0	0	0	10	10	-3	1	12	0	1	0	0	653.7676938	1305.520835	23.382559	-.EAETEDAPDKSD.-	DECOY_DECOY_sp|P54227|STMN1_MOUSE	-0.020627067391086
2023_05_31_mouse_tcell_100FC+PRTC_100fmol_100ng_60k_PRM_50cm_wtrap_01.mzml:2388.5159:decoyEAGIQNGC[+57.0214635]QGAQIHVIK+3	-1	17778	5.376758	0.15363045	0.45757672	5.075728	5.085391	0.49050683	0.5015433	2	0	2.3200207	-0.92817616	0	10	10	-3	0	17	0	0	1	0	608.3124657	1821.915568	39.808598	-.EAGIQNGC[+57.0214635]QGAQIHVIK.-	DECOY_DECOY_sp|P99024|TBB5_MOUSE;DECOY_DECOY_sp|Q7TMM9|TBB2A_MOUSE;DECOY_DECOY_sp|Q9CWF2|TBB2B_MOUSE;DECOY_DECOY_sp|Q9ERD7|TBB3_MOUSE	-0.07406617371341001
2023_05_31_mouse_tcell_100FC+PRTC_100fmol_100ng_60k_PRM_50cm_wtrap_01.mzml:2388.5159:decoyEAGIQNGC[+57.0214635]QGAQLHVIK+3	-1	17778	5.376758	0.15363045	0.45757672	5.075728	5.085391	0.49050683	0.5015433	2	0	2.3200207	-0.92817616	0	10	10	-3	0	17	0	0	1	0	608.3124657	1821.915568	39.808598	-.EAGIQNGC[+57.0214635]QGAQLHVIK.-	DECOY_DECOY_sp|P68372|TBB4B_MOUSE;DECOY_DECOY_sp|Q9D6F9|TBB4A_MOUSE	-0.07406617371341001
2023_05_31_mouse_tcell_100FC+PRTC_100fmol_100ng_60k_PRM_50cm_wtrap_01.mzml:5595.613:EAVGDLLDAFK+2	1	41477	11.060577	1.8389828	2.3278322	5.500814	5.201842	0.003338029	0.001676942	9	9	0.7338593	0.28770024	0.9800906	4.467777	4.467777	-1.7370677	0	11	0	1	0	0	589.3086038	1176.602655	93.260216	-.EAVGDLLDAFK.-	sp|Q6NZJ6|IF4G1_MOUSE	0.010264171883993995
2023_05_31_mouse_tcell_100FC+PRTC_100fmol_100ng_60k_PRM_50cm_wtrap_01.mzml:4816.8745:decoyEEKDLFGQANGC[+57.0214635]VVPLEAGGFDANEK+3	-1	35730	3.752388	0.05583219	0.7983913	3.752388	3.7554173	0.935978	0.922077	1	0	2.5997536	-1.9498152	0.55683464	9.03544	-9.03544	-2.561903	1	26	0	0	1	0	932.104468	2793.291575	80.28124	-.EEKDLFGQANGC[+57.0214635]VVPLEAGGFDANEK.-	DECOY_DECOY_sp|O35892|SP100_MOUSE	-0.13683226884723
2023_05_31_mouse_tcell_100FC+PRTC_100fmol_100ng_60k_PRM_50cm_wtrap_01.mzml:4815.634:EENADFGGAELPVVC[+57.0214635]GNAQGFLDKEK+3	1	35721	4.030502	0.094385825	0.19022287	4.030502	3.7325013	0.8743679	0.4402442	1	0	0.30550882	0.22913162	0.55683464	9.035083	-9.035083	-2.2813983	1	26	0	0	1	0	932.1044684	2793.291576	80.26057	-.EENADFGGAELPVVC[+57.0214635]GNAQGFLDKEK.-	sp|O35892|SP100_MOUSE	-0.095448526594025
2023_05_31_mouse_tcell_100FC+PRTC_100fmol_100ng_60k_PRM_50cm_wtrap_01.mzml:2115.7915:decoyEENDSNSFLILR+2	-1	15761	5.4774585	0.16892655	0.48947123	5.1764283	5.182145	0.38829923	0.38957	2	0	0.36181378	-0.27136034	0.5823329	5.5214496	5.5214496	-3	0	12	0	1	0	0	718.8544368	1435.694321	35.26319	-.EENDSNSFLILR.-	DECOY_DECOY_sp|Q01320|TOP2A_MOUSE;DECOY_DECOY_sp|Q64511|TOP2B_MOUSE	-0.056021449053600014
2023_05_31_mouse_tcell_100FC+PRTC_100fmol_100ng_60k_PRM_50cm_wtrap_01.mzml:1488.6439:decoyEESEDFKVGK+2	-1	11124	6.414346	0.2682152	1.1570545	5.034135	4.9727907	0.16111031	0.141206	4	0	5.0070715	-1.7572448	0.50391483	3.1821373	-2.432624	-0.70121	1	10	0	1	0	0	584.2800428	1166.545533	24.810732	-.EESEDFKVGK.-	DECOY_DECOY_sp|P08113|ENPL_MOUSE	-0.023499334757850012
2023_05_31_mouse_tcell_100FC+PRTC_100fmol_100ng_60k_PRM_50cm_wtrap_01.mzml:2202.473:decoyEEVFPSSEAR+2	-1	16402	7.7720194	0.24909484	0.5489559	5.692838	5.6195693	0.24813025	0.18586873	5	0	2.1605215	-1.5909083	0	10	10	-2.5419164	0	10	0	1	0	0	575.7723848	1149.530217	36.707882	-.EEVFPSSEAR.-	DECOY_DECOY_sp|P08113|ENPL_MOUSE	-0.031431682027290006
2023_05_31_mouse_tcell_100FC+PRTC_100fmol_100ng_60k_PRM_50cm_wtrap_01.mzml:5740.2236:decoyEFADLLDGVAK+2	-1	42543	4.306471	0.17528608	0.15785065	4.306471	4.308529	0.6956019	0.6938882	1	1	0.115203954	-0.08640297	0	10	10	-2.4233823	0	11	0	1	0	0	589.3086038	1176.602655	95.670395	-.EFADLLDGVAK.-	DECOY_DECOY_sp|Q6NZJ6|IF4G1_MOUSE	-0.10605061209862002
2023_05_31_mouse_tcell_100FC+PRTC_100fmol_100ng_60k_PRM_50cm_wtrap_01.mzml:1539.1052:decoyEGPLGVQEDQKK+2	-1	11497	5.00368	0.14649378	0.28959993	4.70265	4.7077236	0.53432715	0.54060555	2	0	0.67820054	-0.5086504	0	10	10	-3	1	12	0	1	0	0	664.3462493	1326.677946	25.651754	-.EGPLGVQEDQKK.-	DECOY_DECOY_sp|Q01320|TOP2A_MOUSE	-0.07891732457324
2023_05_31_mouse_tcell_100FC+PRTC_100fmol_100ng_60k_PRM_50cm_wtrap_01.mzml:3648.1082:decoyEGVGPEVDTSR+2	-1	27092	7.5107956	0.43361363	0.8646471	5.431614	5.2219405	0.2897726	0.28663155	5	1	1.3391247	0.16713604	0	10	10	-1.8515501	0	11	0	1	0	0	573.2752923	1144.536032	60.801804	-.EGVGPEVDTSR.-	DECOY_DECOY_sp|Q8C147|DOCK8_MOUSE	-0.04187443416552
2023_05_31_mouse_tcell_100FC+PRTC_100fmol_100ng_60k_PRM_50cm_wtrap_01.mzml:1417.6731:EGVKFDESEK+2	1	10599	7.1686497	0.41267383	0.6702333	5.0894685	4.7906046	0.028712142	0.014427852	5	0	1.231893	0.48645124	0.33632234	1.648269	-1.648269	5.7035694	1	10	0	1	0	0	584.2800428	1166.545533	23.627886	-.EGVKFDESEK.-	sp|P08113|ENPL_MOUSE	0.004224217848405999
2023_05_31_mouse_tcell_100FC+PRTC_100fmol_100ng_60k_PRM_50cm_wtrap_01.mzml:2267.1023:EIVHIQAGQC[+57.0214635]GNQIGAK+3	1	16880	13.487317	1.7983968	4.625023	6.9275537	6.453095	0.001998803	6.31E-04	10	0	0.33460155	-0.10334008	0.998388	3.0880232	2.4487813	-0.12817073	0	17	0	0	1	0	608.312466	1821.915569	37.785038	-.EIVHIQAGQC[+57.0214635]GNQIGAK.-	sp|P99024|TBB5_MOUSE;sp|Q7TMM9|TBB2A_MOUSE;sp|Q9CWF2|TBB2B_MOUSE;sp|Q9ERD7|TBB3_MOUSE	0.012690400796692002
2023_05_31_mouse_tcell_100FC+PRTC_100fmol_100ng_60k_PRM_50cm_wtrap_01.mzml:2267.1023:EIVHLQAGQC[+57.0214635]GNQIGAK+3	1	16880	13.487317	1.7983968	4.625023	6.9275537	6.453095	0.001998803	6.31E-04	10	0	0.33460155	-0.10334008	0.998388	3.0880232	2.4487813	-0.12817073	0	17	0	0	1	0	608.312466	1821.915569	37.785038	-.EIVHLQAGQC[+57.0214635]GNQIGAK.-	sp|P68372|TBB4B_MOUSE;sp|Q9D6F9|TBB4A_MOUSE	0.012690400796692002
2023_05_31_mouse_tcell_100FC+PRTC_100fmol_100ng_60k_PRM_50cm_wtrap_01.mzml:1407.2583:EKQDEQVGLPGK+2	1	10522	3.9205596	0.079367496	0.455204	3.9205596	3.6246028	1.0006163	0.50618684	1	0	0.13959305	-0.10469479	0	10	10	-3	1	12	0	1	0	0	664.3462493	1326.677946	23.454306	-.EKQDEQVGLPGK.-	sp|Q01320|TOP2A_MOUSE	-0.11347925886461403
2023_05_31_mouse_tcell_100FC+PRTC_100fmol_100ng_60k_PRM_50cm_wtrap_01.mzml:4612.2827:ELEEIVQPIISK+2	1	34219	13.403831	2.1674354	2.9801695	6.844067	6.5486465	0.003403075	0.001723657	10	6	0.26831782	0.19210884	0.99958885	3.6018589	2.904276	-1.7801023	0	12	0	1	0	0	699.3979498	1396.781347	76.871376	-.ELEEIVQPIISK.-	sp|P20029|BIP_MOUSE	0.014923652919433004
2023_05_31_mouse_tcell_100FC+PRTC_100fmol_100ng_60k_PRM_50cm_wtrap_01.mzml:4156.161:ELILFSNSDNER+2	1	30848	12.944706	2.20295	2.7179163	6.3849425	6.086915	0.001164483	5.88E-04	10	4	0.7082669	0.5312002	0.9664411	3.3045063	1.0512174	-1.1753461	0	12	0	1	0	0	718.8544368	1435.694321	69.269356	-.ELILFSNSDNER.-	sp|Q01320|TOP2A_MOUSE;sp|Q64511|TOP2B_MOUSE	0.016937662790791994
2023_05_31_mouse_tcell_100FC+PRTC_100fmol_100ng_60k_PRM_50cm_wtrap_01.mzml:2284.431:ENSSFSLAGNQQTR+2	1	17008	11.46966	1.7096803	2.8267071	5.9098964	5.611896	3.42E-04	1.72E-04	9	7	0.63377327	-0.47532994	0.90810734	1.5451736	-1.172415	-1.5848043	0	14	0	1	0	0	769.8633253	1537.712098	38.07385	-.ENSSFSLAGNQQTR.-	sp|O35892|SP100_MOUSE	0.014072566252829991
2023_05_31_mouse_tcell_100FC+PRTC_100fmol_100ng_60k_PRM_50cm_wtrap_01.mzml:3059.8977:decoyEQDPPDEYLVPGEGAAK+2	-1	22743	4.893132	0.2103176	0.36020085	4.893132	4.5962086	0.99027175	0.55985636	1	0	0.37021136	-0.27765852	0.9960665	2.4205563	2.4205563	-2.3627641	0	17	0	1	0	0	907.9257848	1813.837017	50.998295	-.EQDPPDEYLVPGEGAAK.-	DECOY_DECOY_sp|P28352|APEX1_MOUSE	-0.11157502028711003
2023_05_31_mouse_tcell_100FC+PRTC_100fmol_100ng_60k_PRM_50cm_wtrap_01.mzml:3856.682:decoyESIIPQVIEELK+2	-1	28634	5.6213546	0.16755328	0.24245027	5.3203244	5.325934	0.59188074	0.5995753	2	0	0.3032277	0.16734405	0	10	10	-3	0	12	0	1	0	0	699.3979498	1396.781347	64.27803	-.ESIIPQVIEELK.-	DECOY_DECOY_sp|P20029|BIP_MOUSE	-0.08794912731909002
2023_05_31_mouse_tcell_100FC+PRTC_100fmol_100ng_60k_PRM_50cm_wtrap_01.mzml:1330.0764:ESKDPADETEAD+2	1	9951	10.522091	1.3825405	1.6573315	5.9165707	5.6185703	0.003606987	0.001816118	8	0	2.5549393	-1.3976308	0.9781851	2.8351305	2.8351305	-0.37323284	1	12	0	1	0	0	653.7676938	1305.520835	22.16794	-.ESKDPADETEAD.-	sp|P54227|STMN1_MOUSE	0.011690164191789996
2023_05_31_mouse_tcell_100FC+PRTC_100fmol_100ng_60k_PRM_50cm_wtrap_01.mzml:1622.0675:ESTDVEPGVGR+2	1	12110	10.115415	1.3318967	1.5865135	5.509894	5.0844603	0.004294137	0.00198796	8	4	2.028764	-1.521573	0	10	10	5.1006966	0	11	0	1	0	0	573.2752923	1144.536032	27.034458	-.ESTDVEPGVGR.-	sp|Q8C147|DOCK8_MOUSE	0.012316786812228003
2023_05_31_mouse_tcell_100FC+PRTC_100fmol_100ng_60k_PRM_50cm_wtrap_01.mzml:2408.119:decoyETQQNGALSFSSNR+2	-1	17923	5.6727915	0.3069283	0.6772824	4.8946404	4.89767	0.20879073	0.21025224	3	0	2.788327	0.5942365	0	10	10	-2.6382504	0	14	0	1	0	0	769.8633253	1537.712098	40.135315	-.ETQQNGALSFSSNR.-	DECOY_DECOY_sp|O35892|SP100_MOUSE	-0.028149597414720007
2023_05_31_mouse_tcell_100FC+PRTC_100fmol_100ng_60k_PRM_50cm_wtrap_01.mzml:5123.531:decoyFC[+57.0214635]GAIVPMYYDR+2	-1	37995	0	0	0.20215636	0	0	0.14946032	0.15017025	0	0	0	0	0	10	10	-3	0	12	0	1	0	0	746.3415893	1490.668626	85.39218	-.FC[+57.0214635]GAIVPMYYDR.-	DECOY_DECOY_sp|P03958|ADA_MOUSE	-0.019969978716510003
2023_05_31_mouse_tcell_100FC+PRTC_100fmol_100ng_60k_PRM_50cm_wtrap_01.mzml:3175.6646:FC[+57.0214635]LSC[+57.0214635]IR+2	1	23599	9.469751	1.6595315	1.4833398	5.767321	5.469752	0.0189986	0.009519725	7	4	1.2127761	-0.9095821	0.96633404	3.568973	3.1023011	-1.377747	0	7	0	1	0	0	478.2280483	954.4415437	52.927742	-.FC[+57.0214635]LSC[+57.0214635]IR.-	sp|P13864|DNMT1_MOUSE	0.006302859993854999
2023_05_31_mouse_tcell_100FC+PRTC_100fmol_100ng_60k_PRM_50cm_wtrap_01.mzml:5035.8:FDYYMPVIAGC[+57.0214635]R+2	1	37347	8.852385	1.305504	1.5122987	5.1499543	4.850982	0.01782121	0.00895293	7	5	0.71207476	-0.195092	0	10	10	0.027410984	0	12	0	1	0	0	746.3415898	1490.668627	83.93	-.FDYYMPVIAGC[+57.0214635]R.-	sp|P03958|ADA_MOUSE	0.010818558864334
2023_05_31_mouse_tcell_100FC+PRTC_100fmol_100ng_60k_PRM_50cm_wtrap_01.mzml:3457.9377:FFLQDPR+2	1	25686	11.794959	1.3585024	1.5281562	6.2351956	5.9360075	0.015259615	0.007662235	9	6	1.5191861	-1.1393896	0.9896802	2.7404084	-0.37348235	-0.7017379	0	7	0	1	0	0	461.7427028	921.4708527	57.632298	-.FFLQDPR.-	sp|Q3U7R1|ESYT1_MOUSE	0.004980745793574992
2023_05_31_mouse_tcell_100FC+PRTC_100fmol_100ng_60k_PRM_50cm_wtrap_01.mzml:4307.6836:FGDLDEQEFVYKEPAITK+3	1	31968	11.739408	1.8387849	2.0575638	5.179644	4.88132	0.010435828	0.005250526	10	6	1.4575719	-1.0931789	0.97038484	1.337719	1.337719	0.25341034	1	18	0	0	1	0	710.352758	2128.036445	71.79472	-.FGDLDEQEFVYKEPAITK.-	sp|Q8C147|DOCK8_MOUSE;sp|Q8R1A4|DOCK7_MOUSE	0.017709222129486005
2023_05_31_mouse_tcell_100FC+PRTC_100fmol_100ng_60k_PRM_50cm_wtrap_01.mzml:3172.2915:decoyFIC[+57.0214635]SLC[+57.0214635]R+2	-1	23574	7.4197445	1.1115134	0.93144894	5.340563	5.073946	0.1669175	0.13388547	5	3	0.7383061	-0.49491328	0.95550543	4.3986216	2.1430702	-0.5687809	0	7	0	1	0	0	478.2280473	954.4415417	52.871525	-.FIC[+57.0214635]SLC[+57.0214635]R.-	DECOY_DECOY_sp|P13864|DNMT1_MOUSE	-0.017384028464620005
2023_05_31_mouse_tcell_100FC+PRTC_100fmol_100ng_60k_PRM_50cm_wtrap_01.mzml:4082.961:decoyFIFVVNNAGSEVSQR+2	-1	30307	5.156837	0.18869382	0.42924863	4.855807	4.733647	0.48053572	0.31039137	2	1	0.36723348	-0.2754251	0.714154	5.896659	5.896659	-2.2107906	0	15	0	1	0	0	833.9310108	1665.847469	68.04935	-.FIFVVNNAGSEVSQR.-	DECOY_DECOY_sp|Q99J36|THUM1_MOUSE	-0.05482443251364
2023_05_31_mouse_tcell_100FC+PRTC_100fmol_100ng_60k_PRM_50cm_wtrap_01.mzml:3780.0007:FLLNNEIPK+2	1	28067	9.353081	1.4630582	1.9195424	5.6506495	5.348192	0.010582775	0.005209742	7	3	0.6506472	0.06931884	0.98300415	3.1365578	1.6323268	3.7572412	0	9	0	1	0	0	544.3109488	1086.607345	63.00001	-.FLLNNEIPK.-	sp|O89110|CASP8_MOUSE	0.010434947616048
2023_05_31_mouse_tcell_100FC+PRTC_100fmol_100ng_60k_PRM_50cm_wtrap_01.mzml:2377.7004:FLYDDNQR+2	1	17698	10.517965	1.2420572	1.4363575	5.912445	5.6129327	0.003800069	0.001906684	8	1	1.8181173	-1.363588	0.8532014	3.2075438	-3.2075438	-1.3454723	0	8	0	1	0	0	535.7487088	1069.482865	39.62834	-.FLYDDNQR.-	sp|Q01320|TOP2A_MOUSE;sp|Q64511|TOP2B_MOUSE	0.007000590501152001
2023_05_31_mouse_tcell_100FC+PRTC_100fmol_100ng_60k_PRM_50cm_wtrap_01.mzml:1754.49:FNAHGDANTIVC[+57.0214635]NTK+3	1	13089	13.325502	2.156584	3.053232	6.7657394	6.4683857	0.001011594	5.10E-04	10	2	1.1578797	-0.86840975	0.9482946	3.34152	2.9166062	-1.8927662	0	15	0	0	1	0	554.5948614	1660.762755	29.241499	-.FNAHGDANTIVC[+57.0214635]NTK.-	sp|P16045|LEG1_MOUSE	0.015364683225555998
2023_05_31_mouse_tcell_100FC+PRTC_100fmol_100ng_60k_PRM_50cm_wtrap_01.mzml:3341.0754:decoyFPDQLFR+2	-1	24822	7.475465	0.4853546	0.47964862	5.396283	5.3613353	0.25608885	0.16141614	5	1	0.8726194	-0.65446454	0.46753016	8.836892	8.836892	-2.3314376	0	7	0	1	0	0	461.7427028	921.4708527	55.68459	-.FPDQLFR.-	DECOY_DECOY_sp|Q3U7R1|ESYT1_MOUSE	-0.029917302558600003
2023_05_31_mouse_tcell_100FC+PRTC_100fmol_100ng_60k_PRM_50cm_wtrap_01.mzml:3789.8582:decoyFPIENNLLK+2	-1	28140	5.894561	0.3799448	0.7532642	5.11641	5.097402	0.3417487	0.34327242	3	0	0.6782572	-0.24723928	0.8648216	2.810864	2.810864	-2.52524	0	9	0	1	0	0	544.3109488	1086.607345	63.164303	-.FPIENNLLK.-	DECOY_DECOY_sp|O89110|CASP8_MOUSE	-0.05128065153182
2023_05_31_mouse_tcell_100FC+PRTC_100fmol_100ng_60k_PRM_50cm_wtrap_01.mzml:2309.0305:decoyFQNDDYLR+2	-1	17190	5.6908894	0.11672432	0.3080121	4.912738	4.914255	0.48216286	0.4776148	3	0	0.3873547	0.20756353	0	10	10	-2.4951057	0	8	0	1	0	0	535.7487088	1069.482865	38.48384	-.FQNDDYLR.-	DECOY_DECOY_sp|Q01320|TOP2A_MOUSE;DECOY_DECOY_sp|Q64511|TOP2B_MOUSE	-0.07211866432674001
2023_05_31_mouse_tcell_100FC+PRTC_100fmol_100ng_60k_PRM_50cm_wtrap_01.mzml:4086.7336:FQSVESGANNVVFIR+2	1	30335	12.42383	1.9886223	2.9768667	5.864066	5.5661736	5.61E-04	2.83E-04	10	8	0.38045678	-0.057940654	0.9959521	3.1838598	2.5827818	-2.1746116	0	15	0	1	0	0	833.9310108	1665.847469	68.11223	-.FQSVESGANNVVFIR.-	sp|Q99J36|THUM1_MOUSE	0.01729753458296
2023_05_31_mouse_tcell_100FC+PRTC_100fmol_100ng_60k_PRM_50cm_wtrap_01.mzml:3386.3862:decoyFSC[+57.0214635]YVSFSTR+2	-1	25157	5.681181	0.33683616	0.6496583	4.9030294	4.6873727	0.40786603	0.25805578	3	0	2.062997	1.0734308	0	10	10	-2.1528587	0	10	0	1	0	0	627.2846008	1252.554649	56.43977	-.FSC[+57.0214635]YVSFSTR.-	DECOY_DECOY_sp|P13864|DNMT1_MOUSE	-0.04965909424149999
2023_05_31_mouse_tcell_100FC+PRTC_100fmol_100ng_60k_PRM_50cm_wtrap_01.mzml:1899.5663:FSESTPMGTSR+2	1	14162	11.321058	1.5602198	2.0147808	5.7612944	5.4624305	0.001226402	6.16E-04	9	0	1.6149144	-1.2111858	0.83032125	5.0376015	-5.0376015	-1.3813798	0	11	0	1	0	0	600.2716953	1198.528838	31.659437	-.FSESTPMGTSR.-	sp|Q9JL26|FMNL1_MOUSE	0.010641831158498
2023_05_31_mouse_tcell_100FC+PRTC_100fmol_100ng_60k_PRM_50cm_wtrap_01.mzml:1932.8618:decoyFSTGMPTSESR+2	-1	14408	6.5773897	0.7168213	1.0754408	5.1971784	4.9387326	0.18623503	0.1458871	4	0	4.141417	-3.106063	0.83032125	3.5124133	-3.5124133	-2.9100482	0	11	0	1	0	0	600.2716953	1198.528838	32.214363	-.FSTGMPTSESR.-	DECOY_DECOY_sp|Q9JL26|FMNL1_MOUSE	-0.024382069675830006
2023_05_31_mouse_tcell_100FC+PRTC_100fmol_100ng_60k_PRM_50cm_wtrap_01.mzml:4301.9985:decoyFTIAPEKYVFEQEDLDGK+3	-1	31926	4.7143817	0.22501425	0.24347785	4.4133515	4.236272	0.38763294	0.28080684	2	0	1.011998	-0.7589985	0.8689514	3.2143278	3.2143278	-3	1	18	0	0	1	0	710.352758	2128.036445	71.699974	-.FTIAPEKYVFEQEDLDGK.-	DECOY_DECOY_sp|Q8C147|DOCK8_MOUSE;DECOY_DECOY_sp|Q8R1A4|DOCK7_MOUSE	-0.04658877435028001
2023_05_31_mouse_tcell_100FC+PRTC_100fmol_100ng_60k_PRM_50cm_wtrap_01.mzml:1742.8364:decoyFTINSVR+2	-1	13003	6.729191	0.33249265	0.5965708	5.3489795	5.09684	0.42947298	0.28976014	4	0	2.3391778	-1.7543833	0	10	10	-1.986227	0	7	0	1	0	0	418.7348773	835.4552017	29.047274	-.FTINSVR.-	DECOY_DECOY_sp|P13864|DNMT1_MOUSE	-0.05672674718916999
2023_05_31_mouse_tcell_100FC+PRTC_100fmol_100ng_60k_PRM_50cm_wtrap_01.mzml:1961.1093:decoyFTNC[+57.0214635]VITNADGHANK+3	-1	14617	5.960079	0.3097769	0.34440964	5.1819277	5.118775	0.32478175	0.29005465	3	0	0.84965897	0.005366042	0	10	10	-3	0	15	0	0	1	0	554.594861	1660.762754	32.685154	-.FTNC[+57.0214635]VITNADGHANK.-	DECOY_DECOY_sp|P16045|LEG1_MOUSE	-0.04366574265394001
2023_05_31_mouse_tcell_100FC+PRTC_100fmol_100ng_60k_PRM_50cm_wtrap_01.mzml:3383.017:FTSFSVYC[+57.0214635]SR+2	1	25132	12.160529	1.6880066	1.7701744	5.6007657	5.3015776	0.011655616	0.005852576	10	0	2.3765976	-1.7824483	0.8056057	3.4880693	3.4880693	-1.010273	0	10	0	1	0	0	627.2846013	1252.55465	56.383617	-.FTSFSVYC[+57.0214635]SR.-	sp|P13864|DNMT1_MOUSE	0.012911363425028001
2023_05_31_mouse_tcell_100FC+PRTC_100fmol_100ng_60k_PRM_50cm_wtrap_01.mzml:1745.6758:FVSNITR+2	1	13024	9.382368	0.61628425	0.91389346	5.679937	5.380208	0.08953657	0.04490259	7	0	0.7675274	-0.5160157	0	10	10	-0.6527662	0	7	0	1	0	0	418.7348773	835.4552017	29.094597	-.FVSNITR.-	sp|P13864|DNMT1_MOUSE	-0.0074471260797
2023_05_31_mouse_tcell_100FC+PRTC_100fmol_100ng_60k_PRM_50cm_wtrap_01.mzml:3435.7258:decoyGAAQTAQLQSELNNSNIR+2	-1	25522	4.725899	0	-0.013853824	4.725899	4.733967	0.9144263	0.9257476	1	1	1.6314465	-1.2235849	0	10	10	-3	0	18	0	1	0	0	957.9850348	1913.955517	57.262096	-.GAAQTAQLQSELNNSNIR.-	DECOY_DECOY_sp|P52293|IMA1_MOUSE	-0.13316832647300395
2023_05_31_mouse_tcell_100FC+PRTC_100fmol_100ng_60k_PRM_50cm_wtrap_01.mzml:2857.8901:decoyGAISGTSEDAALIK+2	-1	21249	7.5985765	0.09077803	0.28173232	6.820425	6.8238854	0.37371346	0.37670323	3	0	3.174902	2.3811765	0.9994155	3.6981812	2.9909306	-2.4148092	0	14	0	1	0	0	666.8539068	1331.693261	47.631504	-.GAISGTSEDAALIK.-	DECOY_DECOY_sp|P05064|ALDOA_MOUSE	-0.058682794540340005
2023_05_31_mouse_tcell_100FC+PRTC_100fmol_100ng_60k_PRM_50cm_wtrap_01.mzml:3003.2346:GASFEEDSGGPLVC[+57.0214635]K+2	1	22324	11.588225	2.0794637	2.2630432	5.028462	4.730138	0.003319459	0.001670103	10	9	2.2772262	-1.7079197	0	10	10	-0.61892176	0	15	0	1	0	0	776.8510383	1551.687524	50.05391	-.GASFEEDSGGPLVC[+57.0214635]K.-	sp|P08882|GRAC_MOUSE	0.017805343037613
2023_05_31_mouse_tcell_100FC+PRTC_100fmol_100ng_60k_PRM_50cm_wtrap_01.mzml:3136.1953:decoyGC[+57.0214635]VLPGGSDEEFSAK+2	-1	23307	4.5374656	0.13304695	0.26594388	4.2364354	4.2391415	0.35929286	0.3615384	2	0	0.21584469	0.023246795	0	10	10	-3	0	15	0	1	0	0	776.8510378	1551.687523	52.26992	-.GC[+57.0214635]VLPGGSDEEFSAK.-	DECOY_DECOY_sp|P08882|GRAC_MOUSE	-0.050505670584780005
2023_05_31_mouse_tcell_100FC+PRTC_100fmol_100ng_60k_PRM_50cm_wtrap_01.mzml:1372.6335:GDSVSDNGSEAVR+2	1	10266	7.992644	1.0228586	1.0130724	5.135311	4.786259	0.05770723	0.021026293	6	1	0.67094666	-0.39761734	0	10	10	3.3714561	0	13	0	1	0	0	646.7892943	1291.564036	22.877226	-.GDSVSDNGSEAVR.-	sp|Q61823|PDCD4_MOUSE	0.006106170422587003
2023_05_31_mouse_tcell_100FC+PRTC_100fmol_100ng_60k_PRM_50cm_wtrap_01.mzml:4649.2505:decoyGFQTLLSGPDENQR+2	-1	34492	5.113361	0.117684804	0.37389228	4.8123307	4.815684	0.4448192	0.44826654	2	0	1.1087958	-0.2800881	0	10	10	-2.2216597	0	14	0	1	0	0	781.3838943	1560.753236	77.48751	-.GFQTLLSGPDENQR.-	DECOY_DECOY_sp|P10852|4F2_MOUSE	-0.06423467539583602
2023_05_31_mouse_tcell_100FC+PRTC_100fmol_100ng_60k_PRM_50cm_wtrap_01.mzml:2859.0918:GILAADESTGSIAK+2	1	21258	14.543939	1.8568528	3.1391952	7.984175	7.686606	6.48E-04	3.26E-04	10	5	1.2672387	0.9504291	0.99973845	3.82001	3.2347953	0.13598466	0	14	0	1	0	0	666.8539068	1331.693261	47.65153	-.GILAADESTGSIAK.-	sp|P05064|ALDOA_MOUSE	0.01190474159981
2023_05_31_mouse_tcell_100FC+PRTC_100fmol_100ng_60k_PRM_50cm_wtrap_01.mzml:3396.8005:GINSNNLESQLQATQAAR+2	1	25234	12.471735	1.1168678	1.6518503	5.9119716	5.6190095	6.50E-04	3.31E-04	10	0	0.8667941	-0.6500956	0.92880845	0.7954763	0.6559664	-1.9272797	0	18	0	1	0	0	957.9850348	1913.955517	56.613342	-.GINSNNLESQLQATQAAR.-	sp|P52293|IMA1_MOUSE	0.017306170237349993
2023_05_31_mouse_tcell_100FC+PRTC_100fmol_100ng_60k_PRM_50cm_wtrap_01.mzml:4259.6396:decoyGISVEPALPRANPDVFPLASPETK+3	-1	31613	5.519219	0.21747085	0.15086152	5.218189	4.9981613	0.24217346	0.16629489	2	1	2.706782	1.9478868	0	10	10	-1.9514937	1	24	0	0	1	0	835.7831064	2504.32749	70.993996	-.GISVEPALPRANPDVFPLASPETK.-	DECOY_DECOY_sp|B2RQC6|PYR1_MOUSE	-0.02802736382698
2023_05_31_mouse_tcell_100FC+PRTC_100fmol_100ng_60k_PRM_50cm_wtrap_01.mzml:1348.3018:GKVEADEEPSAVR+2	1	10086	9.700918	1.5391551	2.014942	5.0953975	4.797397	0.007076378	0.003562956	8	3	1.0100491	-0.08502385	0	10	10	0.40677547	1	13	0	1	0	0	693.8466128	1385.678673	22.471697	-.GKVEADEEPSAVR.-	sp|E9PVX6|KI67_MOUSE	0.014022832733706005
2023_05_31_mouse_tcell_100FC+PRTC_100fmol_100ng_60k_PRM_50cm_wtrap_01.mzml:3922.9248:decoyGLDFDC[+57.0214635]STLPR+2	-1	29124	5.6306105	0.07242402	0.12306444	4.852459	4.854517	0.1979005	0.19884056	3	0	0.8238433	-0.6178825	0	10	10	-3	0	11	0	1	0	0	640.8006198	1279.586687	65.38208	-.GLDFDC[+57.0214635]STLPR.-	DECOY_DECOY_sp|Q8C147|DOCK8_MOUSE	-0.029049806408999995
2023_05_31_mouse_tcell_100FC+PRTC_100fmol_100ng_60k_PRM_50cm_wtrap_01.mzml:5441.034:GLPLVDDGGWNTVPISK+2	1	40337	10.6584835	1.7108821	3.336838	6.0529633	5.755717	0.013068372	0.00659136	8	5	0.86713046	-0.6503478	0.9977331	2.6031303	2.2498486	-1.308785	0	17	0	1	0	0	884.4674268	1766.920301	90.68391	-.GLPLVDDGGWNTVPISK.-	sp|Q6NZJ6|IF4G1_MOUSE	0.013263880146067993
2023_05_31_mouse_tcell_100FC+PRTC_100fmol_100ng_60k_PRM_50cm_wtrap_01.mzml:3850.2036:GPLTSC[+57.0214635]DFDLR+2	1	28586	10.442909	1.8238289	2.8064847	5.837388	5.538416	0.001896792	9.53E-04	8	6	0.6328277	-0.4746208	0.81578356	2.441867	-2.441867	-1.2798309	0	11	0	1	0	0	640.8006203	1279.586688	64.17006	-.GPLTSC[+57.0214635]DFDLR.-	sp|Q8C147|DOCK8_MOUSE	0.010798883181428
2023_05_31_mouse_tcell_100FC+PRTC_100fmol_100ng_60k_PRM_50cm_wtrap_01.mzml:4560.0527:GQNEDPGSLLTQFR+2	1	33833	12.067893	2.0301404	3.4028926	6.5081296	6.2104526	0.003432565	0.001729584	9	5	0.43927753	-0.32945815	0.9995908	3.2169669	2.9422407	-2.140151	0	14	0	1	0	0	781.3838943	1560.753236	76.00088	-.GQNEDPGSLLTQFR.-	sp|P10852|4F2_MOUSE	0.014694906985105997
2023_05_31_mouse_tcell_100FC+PRTC_100fmol_100ng_60k_PRM_50cm_wtrap_01.mzml:3765.9028:GQNEDPGSLLTQFRR+3	1	27963	12.429149	1.2483681	0.6996429	5.8693852	5.5655932	0.00690228	0.002847805	10	3	1.4903898	-1.1177924	0.9763948	3.0869548	1.8867222	-0.4657755	1	15	0	0	1	0	573.2920587	1716.854347	62.76505	-.GQNEDPGSLLTQFRR.-	sp|P10852|4F2_MOUSE	0.013235056784414997
2023_05_31_mouse_tcell_100FC+PRTC_100fmol_100ng_60k_PRM_50cm_wtrap_01.mzml:4955.1074:decoyGRFQTLLSGPDENQR+3	-1	36751	5.6215944	0.02432043	0.2831835	4.8434434	4.6467943	0.32372215	0.20490466	3	0	3.721349	-2.5885067	0	10	10	-2.5053253	1	15	0	0	1	0	573.2920587	1716.854347	82.58512	-.GRFQTLLSGPDENQR.-	DECOY_DECOY_sp|P10852|4F2_MOUSE	-0.04064396403013
2023_05_31_mouse_tcell_100FC+PRTC_100fmol_100ng_60k_PRM_50cm_wtrap_01.mzml:5533.5996:decoyGSIPVTNWGGDDVLPLK+2	-1	41020	4.2579765	0.12693061	0.120456815	4.2579765	4.26176	0.95024836	0.958563	1	1	0.90015215	-0.6751141	0.6694289	6.2575703	-6.2575703	-2.4355059	0	17	0	1	0	0	884.4674268	1766.920301	92.22666	-.GSIPVTNWGGDDVLPLK.-	DECOY_DECOY_sp|Q6NZJ6|IF4G1_MOUSE	-0.140189947968585
2023_05_31_mouse_tcell_100FC+PRTC_100fmol_100ng_60k_PRM_50cm_wtrap_01.mzml:5136.9473:GTEPSALPFVDPNARPLAPEVSIK+3	1	38094	12.539229	1.094174	1.6273639	5.979466	5.687036	0.005298311	0.002702139	10	3	0.58870846	0.069522634	0.97991574	1.5175066	1.4403225	-1.3441837	0	24	0	0	1	0	835.7831064	2504.32749	85.61579	-.GTEPSALPFVDPNARPLAPEVSIK.-	sp|B2RQC6|PYR1_MOUSE	0.013922098071524995
2023_05_31_mouse_tcell_100FC+PRTC_100fmol_100ng_60k_PRM_50cm_wtrap_01.mzml:3402.8762:decoyGVAESGNDSVSDR+2	-1	25279	6.269169	0.45702797	0.7460299	4.8889575	4.750239	0.28978866	0.22690184	4	0	0.84765416	-0.63574064	0.19865415	7.9864097	7.9864097	-3	0	13	0	1	0	0	646.7892943	1291.564036	56.714603	-.GVAESGNDSVSDR.-	DECOY_DECOY_sp|Q61823|PDCD4_MOUSE	-0.03595363343647999
2023_05_31_mouse_tcell_100FC+PRTC_100fmol_100ng_60k_PRM_50cm_wtrap_01.mzml:1428.3555:decoyGVASPEEDAEVKR+2	-1	10678	5.401704	0.17838572	0.6827828	4.623553	4.626582	0.19907957	0.20047314	3	0	2.8727734	-2.15458	0	10	10	-2.7809823	1	13	0	1	0	0	693.8466128	1385.678673	23.805925	-.GVASPEEDAEVKR.-	DECOY_DECOY_sp|E9PVX6|KI67_MOUSE	-0.02798870982584001
2023_05_31_mouse_tcell_100FC+PRTC_100fmol_100ng_60k_PRM_50cm_wtrap_01.mzml:3192.5596:decoyIAISGTSEDAALIGKGPAVK+3	-1	23724	5.9512835	0.06354866	0.28132552	5.6502533	5.6553264	0.3880603	0.39262	2	0	2.125888	1.1572435	0.9990127	2.495374	1.7744719	-2.468916	1	20	0	0	1	0	633.3579577	1897.052044	53.209328	-.IAISGTSEDAALIGKGPAVK.-	DECOY_DECOY_sp|P05064|ALDOA_MOUSE	-0.059201783545019995
2023_05_31_mouse_tcell_100FC+PRTC_100fmol_100ng_60k_PRM_50cm_wtrap_01.mzml:3125.515:decoyIALGFDC[+57.0214635]R+2	-1	23228	6.75064	0.5055087	0.46972513	5.9724884	5.6920004	0.23435165	0.15633057	3	2	0.42363515	-0.3019769	0.8528344	6.872957	6.872957	-1.9796782	0	8	0	1	0	0	476.2394698	950.4643867	52.091915	-.IALGFDC[+57.0214635]R.-	DECOY_DECOY_sp|O54949|NLK_MOUSE;DECOY_DECOY_sp|P05532|KIT_MOUSE;DECOY_DECOY_sp|P05622|PGFRB_MOUSE;DECOY_DECOY_sp|P26618|PGFRA_MOUSE;DECOY_DECOY_sp|P35917|VGFR3_MOUSE;DECOY_DECOY_sp|P35918|VGFR2_MOUSE;DECOY_DECOY_sp|P35969|VGFR1_MOUSE;DECOY_DECOY_sp|P63085|MK01_MOUSE;DECOY_DECOY_sp|Q00342|FLT3_MOUSE;DECOY_DECOY_sp|Q63844|MK03_MOUSE	-0.03072424113069
2023_05_31_mouse_tcell_100FC+PRTC_100fmol_100ng_60k_PRM_50cm_wtrap_01.mzml:3782.1375:decoyIC[+57.0214635]AQIIFR+2	-1	28083	6.437427	0.43813613	0.64698017	5.0572157	4.982814	0.29210788	0.19857864	4	1	2.8642147	1.8516972	0	10	10	-3	0	8	0	1	0	0	510.7865873	1019.558622	63.035625	-.IC[+57.0214635]AQIIFR.-	DECOY_DECOY_sp|O08738|CASP6_MOUSE	-0.03868515257892001
2023_05_31_mouse_tcell_100FC+PRTC_100fmol_100ng_60k_PRM_50cm_wtrap_01.mzml:3125.515:IC[+57.0214635]DFGLAR+2	1	23228	10.90658	1.7045134	1.7371814	6.301059	6.0015464	0.005214215	0.002616232	8	4	0.24474855	-0.16781193	0.8528344	6.8740053	6.8740053	-1.6304727	0	8	0	1	0	0	476.2394703	950.4643877	52.091915	-.IC[+57.0214635]DFGLAR.-	sp|O54949|NLK_MOUSE;sp|P05532|KIT_MOUSE;sp|P05622|PGFRB_MOUSE;sp|P26618|PGFRA_MOUSE;sp|P35917|VGFR3_MOUSE;sp|P35918|VGFR2_MOUSE;sp|P35969|VGFR1_MOUSE;sp|P63085|MK01_MOUSE;sp|Q00342|FLT3_MOUSE;sp|Q63844|MK03_MOUSE	0.008499893342217995
2023_05_31_mouse_tcell_100FC+PRTC_100fmol_100ng_60k_PRM_50cm_wtrap_01.mzml:3183.379:decoyIFDDFIR+2	-1	23656	7.1138706	0.67454666	0.68150896	5.034689	4.915479	0.26545352	0.16352965	5	1	4.238537	1.173935	0	10	10	-1.8556833	0	7	0	1	0	0	463.2425353	924.4705177	53.056316	-.IFDDFIR.-	DECOY_DECOY_sp|P46978|STT3A_MOUSE	-0.032572006432949996
2023_05_31_mouse_tcell_100FC+PRTC_100fmol_100ng_60k_PRM_50cm_wtrap_01.mzml:3661.488:IFIIQAC[+57.0214635]R+2	1	27191	11.910741	1.7939346	1.9370539	6.3509774	5.8807497	0.002385251	8.08E-04	9	7	0.935926	-0.70194453	0.98288625	3.6347308	3.6347308	-1.6836812	0	8	0	1	0	0	510.7865878	1019.558623	61.0248	-.IFIIQAC[+57.0214635]R.-	sp|O08738|CASP6_MOUSE	0.008882782388273995
2023_05_31_mouse_tcell_100FC+PRTC_100fmol_100ng_60k_PRM_50cm_wtrap_01.mzml:4385.4624:decoyIFMATFQESR+2	-1	32543	8.668129	0.64281315	0.7585457	5.810796	5.737316	0.10807111	0.096037716	6	0	3.8499568	-2.8874676	0.24465454	6.1421895	6.1421895	-1.2655182	0	10	0	1	0	0	615.3027988	1228.591045	73.09104	-.IFMATFQESR.-	DECOY_DECOY_sp|P68372|TBB4B_MOUSE;DECOY_DECOY_sp|P99024|TBB5_MOUSE;DECOY_DECOY_sp|Q7TMM9|TBB2A_MOUSE;DECOY_DECOY_sp|Q9CWF2|TBB2B_MOUSE;DECOY_DECOY_sp|Q9D6F9|TBB4A_MOUSE;DECOY_DECOY_sp|Q9ERD7|TBB3_MOUSE	-0.010932207763126001
2023_05_31_mouse_tcell_100FC+PRTC_100fmol_100ng_60k_PRM_50cm_wtrap_01.mzml:4329.8726:IIFDDFR+2	1	32132	9.485899	1.4076765	1.5482043	5.7834687	5.472696	0.010592257	0.004952887	7	7	1.2451043	-0.93382823	0.97317135	4.7200394	3.9030178	-1.5796361	0	7	0	1	0	0	463.2425353	924.4705177	72.16454	-.IIFDDFR.-	sp|P46978|STT3A_MOUSE	0.004075264400270997
2023_05_31_mouse_tcell_100FC+PRTC_100fmol_100ng_60k_PRM_50cm_wtrap_01.mzml:5945.0264:ILDIIGLPGEEDWPR+2	1	44053	6.8004913	0.8853223	1.1211983	4.7213097	4.4227695	0.055493414	0.02790625	5	5	1.0632758	-0.46206045	0	10	10	0.75532866	0	15	0	1	0	0	861.9566948	1721.898837	99.08377	-.ILDIIGLPGEEDWPR.-	sp|Q64261|CDK6_MOUSE	0.005277733300645997
2023_05_31_mouse_tcell_100FC+PRTC_100fmol_100ng_60k_PRM_50cm_wtrap_01.mzml:3968.108:IMNTFSVVPSPK+2	1	29458	13.94026	2.2367961	3.1824346	7.3804965	7.082388	0.008409409	0.004233086	10	4	0.97492003	0.73119	0.9621715	1.9849722	1.7839205	-2.1690826	0	12	0	1	0	0	660.3550308	1318.695509	66.13513	-.IMNTFSVVPSPK.-	sp|P68372|TBB4B_MOUSE;sp|P99024|TBB5_MOUSE;sp|Q9D6F9|TBB4A_MOUSE;sp|Q9ERD7|TBB3_MOUSE	0.012564540851699998
2023_05_31_mouse_tcell_100FC+PRTC_100fmol_100ng_60k_PRM_50cm_wtrap_01.mzml:3873.0447:decoyIPSPVVSFTNMK+2	-1	28755	7.4323187	0.3426043	0.67931795	6.0521073	6.055029	0.20820777	0.20702982	4	0	7.4766145	1.7700962	0	10	10	-2.1006184	0	12	0	1	0	0	660.3550308	1318.695509	64.55074	-.IPSPVVSFTNMK.-	DECOY_DECOY_sp|P68372|TBB4B_MOUSE;DECOY_DECOY_sp|P99024|TBB5_MOUSE;DECOY_DECOY_sp|Q9D6F9|TBB4A_MOUSE;DECOY_DECOY_sp|Q9ERD7|TBB3_MOUSE	-0.033743868140890004
2023_05_31_mouse_tcell_100FC+PRTC_100fmol_100ng_60k_PRM_50cm_wtrap_01.mzml:2289.9727:decoyIPTAAGNGVAEEESAASK+2	-1	17049	4.5808363	0.16642366	0.25760853	4.279806	4.282296	0.34297064	0.34494272	2	0	1.469512	-1.102134	0	10	10	-2.1149046	0	18	0	1	0	0	851.4181308	1700.821709	38.16621	-.IPTAAGNGVAEEESAASK.-	DECOY_DECOY_sp|E9Q394|AKP13_MOUSE	-0.04632293494337
2023_05_31_mouse_tcell_100FC+PRTC_100fmol_100ng_60k_PRM_50cm_wtrap_01.mzml:5993.117:decoyIPWDEEGPLGIIDLR+2	-1	44408	4.6120877	0.31602457	0.43202648	4.3110576	4.3135476	0.34488824	0.34687135	2	2	4.51959	3.3896923	0	10	10	-2.3469782	0	15	0	1	0	0	861.9566948	1721.898837	99.885284	-.IPWDEEGPLGIIDLR.-	DECOY_DECOY_sp|Q64261|CDK6_MOUSE	-0.04989926776054002
2023_05_31_mouse_tcell_100FC+PRTC_100fmol_100ng_60k_PRM_50cm_wtrap_01.mzml:2296.8513:ISAASEEEAVGNGAATPK+2	1	17100	9.479357	1.5663093	1.7744354	4.8738356	4.5752954	0.013661087	0.006869819	8	7	1.5815016	-0.57913977	0	10	10	-0.98812604	0	18	0	1	0	0	851.4181308	1700.821709	38.280857	-.ISAASEEEAVGNGAATPK.-	sp|E9Q394|AKP13_MOUSE	0.014362579104108996
2023_05_31_mouse_tcell_100FC+PRTC_100fmol_100ng_60k_PRM_50cm_wtrap_01.mzml:4377.9165:ISEQFTAMFR+2	1	32487	12.453613	1.1879082	1.4419075	5.8938503	5.585129	0.017097607	0.007100564	10	0	1.2711664	-0.95337486	0	10	10	-0.9785032	0	10	0	1	0	0	615.3027988	1228.591045	72.96528	-.ISEQFTAMFR.-	sp|P68372|TBB4B_MOUSE;sp|P99024|TBB5_MOUSE;sp|Q7TMM9|TBB2A_MOUSE;sp|Q9CWF2|TBB2B_MOUSE;sp|Q9D6F9|TBB4A_MOUSE;sp|Q9ERD7|TBB3_MOUSE	0.009162006020284
2023_05_31_mouse_tcell_100FC+PRTC_100fmol_100ng_60k_PRM_50cm_wtrap_01.mzml:3193.796:IVAPGKGILAADESTGSIAK+3	1	23733	13.396577	1.9683722	4.17421	6.8368134	6.5408564	0.003952432	0.001999436	10	1	0.36444584	-0.27333438	0.9990127	2.495374	1.7744719	-2.0137525	1	20	0	0	1	0	633.3579577	1897.052044	53.22993	-.IVAPGKGILAADESTGSIAK.-	sp|P05064|ALDOA_MOUSE	0.013161355009051998
2023_05_31_mouse_tcell_100FC+PRTC_100fmol_100ng_60k_PRM_50cm_wtrap_01.mzml:2385.677:IVGLQYK+2	1	17757	10.703333	1.3143488	1.6958604	6.0978127	5.7979755	0.019611504	0.009832718	8	3	0.8316528	-0.6237396	0.9817093	4.228634	3.987017	-1.4178298	0	7	0	1	0	0	410.7499923	819.4854317	39.761284	-.IVGLQYK.-	sp|Q01320|TOP2A_MOUSE;sp|Q64511|TOP2B_MOUSE	0.0031687906922379955
2023_05_31_mouse_tcell_100FC+PRTC_100fmol_100ng_60k_PRM_50cm_wtrap_01.mzml:2384.4753:decoyIYQLGVK+2	-1	17748	6.2338896	0.37623298	0.43147632	5.4557385	5.1698723	0.38715437	0.26959175	3	2	0.8889739	-0.6667304	0.9903672	2.540408	2.540408	-1.9297771	0	7	0	1	0	0	410.7499923	819.4854317	39.741257	-.IYQLGVK.-	DECOY_DECOY_sp|Q01320|TOP2A_MOUSE;DECOY_DECOY_sp|Q64511|TOP2B_MOUSE	-0.05269338222257
2023_05_31_mouse_tcell_100FC+PRTC_100fmol_100ng_60k_PRM_50cm_wtrap_01.mzml:1321.8263:decoyKC[+57.0214635]SC[+57.0214635]ADEEQAAGTTR+3	-1	9890	3.6611905	0.05237635	0.27195117	3.6611905	3.6632485	0.84295595	0.84695995	1	0	1.9089786	1.431734	0	10	10	-2.5847025	1	15	0	0	1	0	561.9068877	1682.698834	22.030437	-.KC[+57.0214635]SC[+57.0214635]ADEEQAAGTTR.-	DECOY_DECOY_sp|P20334|TNR9_MOUSE	-0.12666547928773
2023_05_31_mouse_tcell_100FC+PRTC_100fmol_100ng_60k_PRM_50cm_wtrap_01.mzml:3667.6968:KLAVNMVPFPR+3	1	27237	13.196913	1.4552574	1.8594142	6.637149	6.3386087	0.001566781	7.88E-04	10	6	0.31773987	-0.23830491	0.9930545	4.2400246	3.3896198	-1.8853142	1	11	0	0	1	0	424.581276	1270.721999	61.12828	-.KLAVNMVPFPR.-	sp|A2AQ07|TBB1_MOUSE;sp|P68372|TBB4B_MOUSE;sp|P99024|TBB5_MOUSE;sp|Q7TMM9|TBB2A_MOUSE;sp|Q922F4|TBB6_MOUSE;sp|Q9CWF2|TBB2B_MOUSE;sp|Q9D6F9|TBB4A_MOUSE;sp|Q9ERD7|TBB3_MOUSE	0.009876358746894
2023_05_31_mouse_tcell_100FC+PRTC_100fmol_100ng_60k_PRM_50cm_wtrap_01.mzml:3577.114:decoyKPFPVMNVALR+3	-1	26567	6.0215273	0.5892846	0.84048957	5.243376	5.1544223	0.37121266	0.29959798	3	1	0.96173215	-0.59247327	0	10	10	-3	0	11	0	0	1	0	424.581276	1270.721999	59.61857	-.KPFPVMNVALR.-	DECOY_DECOY_sp|A2AQ07|TBB1_MOUSE;DECOY_DECOY_sp|P68372|TBB4B_MOUSE;DECOY_DECOY_sp|P99024|TBB5_MOUSE;DECOY_DECOY_sp|Q7TMM9|TBB2A_MOUSE;DECOY_DECOY_sp|Q922F4|TBB6_MOUSE;DECOY_DECOY_sp|Q9CWF2|TBB2B_MOUSE;DECOY_DECOY_sp|Q9D6F9|TBB4A_MOUSE;DECOY_DECOY_sp|Q9ERD7|TBB3_MOUSE	-0.04947208518432
2023_05_31_mouse_tcell_100FC+PRTC_100fmol_100ng_60k_PRM_50cm_wtrap_01.mzml:4169.684:decoyKPVPPAPYC[+57.0214635]PGDPTGMLEPEVVR+3	-1	30948	4.3407907	0.1500133	0.7381848	4.3407907	4.349391	0.97478473	0.9942803	1	1	0.27402458	-0.20551842	0	10	10	-2.6173062	0	23	0	0	1	0	836.0871417	2505.239596	69.494736	-.KPVPPAPYC[+57.0214635]PGDPTGMLEPEVVR.-	DECOY_DECOY_sp|B2RQC6|PYR1_MOUSE	-0.14355201982098
2023_05_31_mouse_tcell_100FC+PRTC_100fmol_100ng_60k_PRM_50cm_wtrap_01.mzml:2610.9678:KSC[+57.0214635]C[+57.0214635]SC[+57.0214635]C[+57.0214635]PVGC[+57.0214635]SK+2	1	19423	3.786823	0.066016674	0.054422785	3.786823	3.495669	0.8815623	0.4509191	1	0	0.20159085	-0.15119314	0	10	10	-2.7092204	1	13	0	1	0	0	795.3035073	1588.592462	43.51613	-.KSC[+57.0214635]C[+57.0214635]SC[+57.0214635]C[+57.0214635]PVGC[+57.0214635]SK.-	sp|P02802|MT1_MOUSE	-0.09684773836027101
2023_05_31_mouse_tcell_100FC+PRTC_100fmol_100ng_60k_PRM_50cm_wtrap_01.mzml:2610.9678:decoyKSC[+57.0214635]GVPC[+57.0214635]C[+57.0214635]SC[+57.0214635]C[+57.0214635]SK+2	-1	19423	3.786823	0.06540241	0.056346502	3.786823	3.495669	0.8815623	0.49001807	1	0	0.20159085	-0.15119314	0	10	10	-2.7542963	1	13	0	1	0	0	795.3035048	1588.592457	43.51613	-.KSC[+57.0214635]GVPC[+57.0214635]C[+57.0214635]SC[+57.0214635]C[+57.0214635]SK.-	DECOY_DECOY_sp|P02802|MT1_MOUSE	-0.09979444935926801
2023_05_31_mouse_tcell_100FC+PRTC_100fmol_100ng_60k_PRM_50cm_wtrap_01.mzml:1350.338:KTTGAAQEEDAC[+57.0214635]SC[+57.0214635]R+3	1	10101	4.1063447	0.30713925	0.8371838	3.8053145	3.5063424	0.45978278	0.2309834	2	0	3.4173453	-2.563009	0	10	10	-2.473414	1	15	0	0	1	0	561.9068884	1682.698836	22.505634	-.KTTGAAQEEDAC[+57.0214635]SC[+57.0214635]R.-	sp|P20334|TNR9_MOUSE	-0.05122538077623
2023_05_31_mouse_tcell_100FC+PRTC_100fmol_100ng_60k_PRM_50cm_wtrap_01.mzml:4259.6396:KVVEPELMGTPDGPC[+57.0214635]YPAPPVPR+3	1	31613	12.339201	1.8923688	3.9801128	5.779437	5.487007	0.001466872	7.48E-04	10	10	0.84384227	-0.6328817	0.9804619	1.5361189	1.5361189	-1.4280322	1	23	0	0	1	0	836.087142	2505.239597	70.993996	-.KVVEPELMGTPDGPC[+57.0214635]YPAPPVPR.-	sp|B2RQC6|PYR1_MOUSE	0.016236318674478004
2023_05_31_mouse_tcell_100FC+PRTC_100fmol_100ng_60k_PRM_50cm_wtrap_01.mzml:3915.7888:decoyLAFDLDKGITTLK+3	-1	29071	4.8280396	0.008866088	0.14456181	4.8280396	4.8315	0.9425495	0.947805	1	0	0.15407725	-0.11555794	0	10	10	-2.2929902	1	13	0	0	1	0	478.9449374	1433.812983	65.263145	-.LAFDLDKGITTLK.-	DECOY_DECOY_sp|Q6NZJ6|IF4G1_MOUSE	-0.143150855464712
2023_05_31_mouse_tcell_100FC+PRTC_100fmol_100ng_60k_PRM_50cm_wtrap_01.mzml:5830.6577:LALGIPLPELR+2	1	43209	11.367228	1.76106	2.5579317	5.8074646	5.5116153	0.004396872	0.002224817	9	7	0.5468201	0.11534078	0.9927294	5.8873916	5.8873916	-0.52199507	0	11	0	1	0	0	596.3766238	1190.738695	97.17763	-.LALGIPLPELR.-	sp|B2RQC6|PYR1_MOUSE	0.010735501101480992
2023_05_31_mouse_tcell_100FC+PRTC_100fmol_100ng_60k_PRM_50cm_wtrap_01.mzml:4593.3403:LAVNMVPFPR+2	1	34079	13.999293	1.8762045	2.5732093	7.43953	7.145073	8.18E-04	4.15E-04	10	6	0.90190274	0.67642707	0.99877226	4.999864	3.996971	-1.7620173	0	10	0	1	0	0	572.3207943	1142.627036	76.55567	-.LAVNMVPFPR.-	sp|A2AQ07|TBB1_MOUSE;sp|P68372|TBB4B_MOUSE;sp|P99024|TBB5_MOUSE;sp|Q7TMM9|TBB2A_MOUSE;sp|Q922F4|TBB6_MOUSE;sp|Q9CWF2|TBB2B_MOUSE;sp|Q9D6F9|TBB4A_MOUSE;sp|Q9ERD7|TBB3_MOUSE	0.009936116542919999
2023_05_31_mouse_tcell_100FC+PRTC_100fmol_100ng_60k_PRM_50cm_wtrap_01.mzml:3782.1375:decoyLC[+57.0214635]AQIIFR+2	-1	28083	6.4382634	0.43813613	0.64698017	5.058052	4.983195	0.29189545	0.19839656	4	1	2.8642147	1.8516972	0	10	10	-3	0	8	0	1	0	0	510.7865873	1019.558622	63.035625	-.LC[+57.0214635]AQIIFR.-	DECOY_DECOY_sp|P70677|CASP3_MOUSE	-0.03865824441466001
2023_05_31_mouse_tcell_100FC+PRTC_100fmol_100ng_60k_PRM_50cm_wtrap_01.mzml:2726.733:decoyLDNQFELR+2	-1	20279	7.8482065	0.46031505	0.8633287	5.769025	5.593472	0.32949525	0.21676968	5	1	1.112438	-0.219086	0.9957783	3.2152548	2.8211193	-0.3372841	0	8	0	1	0	0	517.7669058	1033.519259	45.44555	-.LDNQFELR.-	DECOY_DECOY_sp|P29391|FRIL1_MOUSE	-0.038540674209429984
2023_05_31_mouse_tcell_100FC+PRTC_100fmol_100ng_60k_PRM_50cm_wtrap_01.mzml:1474.4553:LEC[+57.0214635]EDIK+2	1	11019	10.9242	0.531204	0.76879543	6.318679	6.019058	0.06380127	0.032004315	8	0	0.37461373	-0.26641026	0.49492738	4.420106	-4.420106	1.3820429	0	7	0	1	0	0	453.7154933	905.4164337	24.574255	-.LEC[+57.0214635]EDIK.-	sp|E9PVX6|KI67_MOUSE	-0.0030879301578950026
2023_05_31_mouse_tcell_100FC+PRTC_100fmol_100ng_60k_PRM_50cm_wtrap_01.mzml:5474.787:decoyLEC[+57.0214635]NGEIEFDMPTFK+2	-1	40586	4.330919	0.183956	0.17353708	4.330919	4.3337326	0.7887302	0.7938569	1	1	0.07397836	-0.055483766	0	10	10	-2.073206	0	15	0	1	0	0	915.4078628	1828.801173	91.24645	-.LEC[+57.0214635]NGEIEFDMPTFK.-	DECOY_DECOY_sp|O35892|SP100_MOUSE	-0.11226337649758002
2023_05_31_mouse_tcell_100FC+PRTC_100fmol_100ng_60k_PRM_50cm_wtrap_01.mzml:2645.7231:LEEALLR+2	1	19680	9.151417	0.80725867	1.0536736	5.4489856	5.149148	0.12021991	0.06027526	7	1	0.42832878	0.24211544	0.90379137	0.7367147	-0.7367147	-1.947362	0	7	0	1	0	0	422.2503603	842.4861677	44.095387	-.LEEALLR.-	sp|P97313|PRKDC_MOUSE;sp|Q8C147|DOCK8_MOUSE	-0.011096994234359997
2023_05_31_mouse_tcell_100FC+PRTC_100fmol_100ng_60k_PRM_50cm_wtrap_01.mzml:1446.7489:decoyLEIEEPTR+2	-1	10814	6.862404	0.30752757	0.6240694	6.0842524	5.923415	0.5005132	0.32947525	3	0	0.4681816	0.3358066	0	10	10	-3	0	8	0	1	0	0	493.7612893	985.5080257	24.112482	-.LEIEEPTR.-	DECOY_DECOY_sp|P20029|BIP_MOUSE	-0.06458120521578002
2023_05_31_mouse_tcell_100FC+PRTC_100fmol_100ng_60k_PRM_50cm_wtrap_01.mzml:4992.602:decoyLEVDNTSMVTGC[+57.0214635]LDSLK+2	-1	37028	3.945471	0.15823017	0.14769667	3.945471	3.9494698	0.9167327	0.91550356	1	1	0.26073512	0.19555135	0	10	10	-3	0	17	0	1	0	0	941.4502588	1880.885965	83.21004	-.LEVDNTSMVTGC[+57.0214635]LDSLK.-	DECOY_DECOY_sp|Q61823|PDCD4_MOUSE	-0.13117047326772
2023_05_31_mouse_tcell_100FC+PRTC_100fmol_100ng_60k_PRM_50cm_wtrap_01.mzml:5243.484:decoyLFDGDAAMYNIAEMNK+2	-1	38880	4.5960364	0.091977976	0.08592253	4.5960364	4.5997124	0.8836485	0.89115953	1	0	1.1033078	-0.82748085	0	10	10	-2.3509908	0	16	0	1	0	0	901.9080258	1801.801499	87.391396	-.LFDGDAAMYNIAEMNK.-	DECOY_DECOY_sp|P16045|LEG1_MOUSE	-0.12842517934794398
2023_05_31_mouse_tcell_100FC+PRTC_100fmol_100ng_60k_PRM_50cm_wtrap_01.mzml:3661.488:LFIIQAC[+57.0214635]R+2	1	27191	11.911121	1.7939346	1.9370539	6.3513584	5.881131	0.002366829	8.02E-04	9	7	0.935926	-0.70194453	0.98288625	3.6347308	3.6347308	-1.6835735	0	8	0	1	0	0	510.7865878	1019.558623	61.0248	-.LFIIQAC[+57.0214635]R.-	sp|P70677|CASP3_MOUSE	0.008884358411445997
2023_05_31_mouse_tcell_100FC+PRTC_100fmol_100ng_60k_PRM_50cm_wtrap_01.mzml:5404.336:LFTPMDFEIEGNC[+57.0214635]EK+2	1	40066	9.670551	1.5378453	1.879384	5.065031	4.766815	0.003249396	0.001635259	8	8	1.5562927	-0.6629573	0.66247416	0.30454314	-0.30454314	-0.8248689	0	15	0	1	0	0	915.4078633	1828.801174	90.072266	-.LFTPMDFEIEGNC[+57.0214635]EK.-	sp|O35892|SP100_MOUSE	0.016099562684825
2023_05_31_mouse_tcell_100FC+PRTC_100fmol_100ng_60k_PRM_50cm_wtrap_01.mzml:5172.7397:LGDLLISQFSGSNAEQMR+2	1	38358	7.704184	1.1758664	1.4716474	4.8468513	4.547663	0.033512414	0.016827423	6	6	1.6380771	0.04200089	0	10	10	-1.3448033	0	18	0	1	0	0	983.4885643	1964.962576	86.212326	-.LGDLLISQFSGSNAEQMR.-	sp|Q60875|ARHG2_MOUSE	0.010616714677773007
2023_05_31_mouse_tcell_100FC+PRTC_100fmol_100ng_60k_PRM_50cm_wtrap_01.mzml:1380.8787:decoyLIDEC[+57.0214635]EK+2	-1	10327	7.1019673	0.2835517	0.4614953	5.721756	5.562307	0.41473812	0.29852992	4	0	3.8868701	0.90994716	0.15002112	8.845378	-8.845378	-2.865302	0	7	0	1	0	0	453.7154928	905.4164327	23.014645	-.LIDEC[+57.0214635]EK.-	DECOY_DECOY_sp|E9PVX6|KI67_MOUSE	-0.05984598911310002
2023_05_31_mouse_tcell_100FC+PRTC_100fmol_100ng_60k_PRM_50cm_wtrap_01.mzml:5660.0854:decoyLLAPTVIPLETAGLR+2	-1	41952	4.8705854	0.24748766	0.8604351	4.8705854	4.5726924	0.95244086	0.5401563	1	1	0.11104333	-0.08328249	0.99783385	3.9015121	3.6031578	-2.2610765	0	15	0	1	0	0	782.4770668	1562.939581	94.334755	-.LLAPTVIPLETAGLR.-	DECOY_DECOY_sp|P52293|IMA1_MOUSE	-0.11128745977120001
2023_05_31_mouse_tcell_100FC+PRTC_100fmol_100ng_60k_PRM_50cm_wtrap_01.mzml:2735.242:LLEFQNDR+2	1	20342	11.041159	1.678311	1.8851985	6.4356384	6.1309514	0.012365388	0.006197029	8	5	0.6788847	-0.5091635	0.98526126	2.5903282	1.6454806	-1.0132604	0	8	0	1	0	0	517.7669058	1033.519259	45.587364	-.LLEFQNDR.-	sp|P29391|FRIL1_MOUSE	0.008104188661883002
2023_05_31_mouse_tcell_100FC+PRTC_100fmol_100ng_60k_PRM_50cm_wtrap_01.mzml:5929.84:decoyLLEPLPIGLAR+2	-1	43941	4.4826355	0.0672581	0.6363075	4.4826355	4.4878163	0.980547	0.9923137	1	0	0.6200195	-0.46501464	0	10	10	-2.4709797	0	11	0	1	0	0	596.3766238	1190.738695	98.830666	-.LLEPLPIGLAR.-	DECOY_DECOY_sp|B2RQC6|PYR1_MOUSE	-0.15101087145119993
2023_05_31_mouse_tcell_100FC+PRTC_100fmol_100ng_60k_PRM_50cm_wtrap_01.mzml:5658.0366:LLGATELPIVTPALR+2	1	41937	12.590219	1.9521283	3.2227597	6.030455	5.715967	0.00334787	0.001625271	10	9	0.27236453	-0.14667778	0.99783385	3.9015121	3.6031578	-1.2448764	0	15	0	1	0	0	782.4770668	1562.939581	94.30061	-.LLGATELPIVTPALR.-	sp|P52293|IMA1_MOUSE	0.015003639113028999
2023_05_31_mouse_tcell_100FC+PRTC_100fmol_100ng_60k_PRM_50cm_wtrap_01.mzml:2586.7651:decoyLLGEHGPVLQR+3	-1	19244	6.113941	0.32221922	0.49260226	5.3357897	5.337631	0.472613	0.47002053	3	0	2.9516802	2.2137601	0	10	10	-1.8130589	0	11	0	0	1	0	406.9032954	1217.688057	43.11275	-.LLGEHGPVLQR.-	DECOY_DECOY_sp|P13379|CD5_MOUSE	-0.07190892027485002
2023_05_31_mouse_tcell_100FC+PRTC_100fmol_100ng_60k_PRM_50cm_wtrap_01.mzml:2558.6565:decoyLLGPGQTDESQTTLK+2	-1	19036	5.9625254	0.47128242	0.67025006	5.661495	5.370341	0.3723045	0.23976354	2	2	0.03179593	-0.013532143	0.9971855	3.2500274	2.537016	-1.8816223	0	15	0	1	0	0	794.4148608	1586.815169	42.644276	-.LLGPGQTDESQTTLK.-	DECOY_DECOY_sp|O54824|IL16_MOUSE	-0.041715775836389996
2023_05_31_mouse_tcell_100FC+PRTC_100fmol_100ng_60k_PRM_50cm_wtrap_01.mzml:2638.0115:decoyLLLAEER+2	-1	19623	6.465222	0.22519712	0.5756778	5.0850105	4.8341136	0.7885631	0.44740412	4	1	2.2211144	1.6658359	0	10	10	-2.4861584	0	7	0	1	0	0	422.2503603	842.4861677	43.966858	-.LLLAEER.-	DECOY_DECOY_sp|P97313|PRKDC_MOUSE;DECOY_DECOY_sp|Q8C147|DOCK8_MOUSE	-0.09721148643999998
2023_05_31_mouse_tcell_100FC+PRTC_100fmol_100ng_60k_PRM_50cm_wtrap_01.mzml:4386.565:LLSDLC[+57.0214635]GTVMSTNDVEK+2	1	32551	8.625611	0.36130556	0.5455195	4.9231806	4.626149	0.029078579	0.014673778	7	0	1.6708132	-0.99924564	0	10	10	-1.5152287	0	17	0	1	0	0	941.4502593	1880.885966	73.10941	-.LLSDLC[+57.0214635]GTVMSTNDVEK.-	sp|Q61823|PDCD4_MOUSE	0.008390887041137995
2023_05_31_mouse_tcell_100FC+PRTC_100fmol_100ng_60k_PRM_50cm_wtrap_01.mzml:4028.0337:LLTTIGKDLDFAK+3	1	29901	11.899143	1.2991076	1.1449475	5.33938	5.04181	0.02921969	0.014726725	10	2	1.0953693	-0.821527	0.75123805	2.7585292	-2.7585292	-1.3427963	1	13	0	0	1	0	478.9449374	1433.812983	67.133896	-.LLTTIGKDLDFAK.-	sp|Q6NZJ6|IF4G1_MOUSE	0.008178621527384997
2023_05_31_mouse_tcell_100FC+PRTC_100fmol_100ng_60k_PRM_50cm_wtrap_01.mzml:2558.6565:LLTTQSEDTQGPGLK+2	1	19036	10.827372	1.9329106	3.1569128	6.2218513	5.930697	0.004127273	0.0021111	8	6	0.14549905	0.026774673	0.9971855	3.2500274	2.537016	0.040396214	0	15	0	1	0	0	794.4148608	1586.815169	42.644276	-.LLTTQSEDTQGPGLK.-	sp|O54824|IL16_MOUSE	0.015997714837636002
2023_05_31_mouse_tcell_100FC+PRTC_100fmol_100ng_60k_PRM_50cm_wtrap_01.mzml:5195.405:decoyLMQEANSGSFQSILLDGR+2	-1	38525	0	-0.003806862	-0.017240359	0	0	0.119466774	0.11997452	0	0	0	0	0	10	10	-2.4511504	0	18	0	1	0	0	983.4885643	1964.962576	86.59008	-.LMQEANSGSFQSILLDGR.-	DECOY_DECOY_sp|Q60875|ARHG2_MOUSE	-0.009950014206104998
2023_05_31_mouse_tcell_100FC+PRTC_100fmol_100ng_60k_PRM_50cm_wtrap_01.mzml:5113.3486:LNMEAINYMAADGDFK+2	1	37920	12.485191	2.0605955	2.8761468	5.9254284	5.628074	0.002540384	0.001280989	10	10	2.226138	-1.1670191	0.96719295	3.7688878	3.7688878	-1.9556377	0	16	0	1	0	0	901.9080258	1801.801499	85.22248	-.LNMEAINYMAADGDFK.-	sp|P16045|LEG1_MOUSE	0.017697096913256993
2023_05_31_mouse_tcell_100FC+PRTC_100fmol_100ng_60k_PRM_50cm_wtrap_01.mzml:1753.2546:decoyLPFPVMNVAR+2	-1	13080	7.1330805	0.5587703	0.8524675	5.752869	5.759442	0.2051863	0.20636785	4	0	5.8040547	0.28173348	0	10	10	-1.9042768	0	10	0	1	0	0	572.3207943	1142.627036	29.220911	-.LPFPVMNVAR.-	DECOY_DECOY_sp|A2AQ07|TBB1_MOUSE;DECOY_DECOY_sp|P68372|TBB4B_MOUSE;DECOY_DECOY_sp|P99024|TBB5_MOUSE;DECOY_DECOY_sp|Q7TMM9|TBB2A_MOUSE;DECOY_DECOY_sp|Q922F4|TBB6_MOUSE;DECOY_DECOY_sp|Q9CWF2|TBB2B_MOUSE;DECOY_DECOY_sp|Q9D6F9|TBB4A_MOUSE;DECOY_DECOY_sp|Q9ERD7|TBB3_MOUSE	-0.03148119288385
2023_05_31_mouse_tcell_100FC+PRTC_100fmol_100ng_60k_PRM_50cm_wtrap_01.mzml:2639.915:LQLVPGHEGLR+3	1	19637	12.648375	1.8924983	1.9664266	6.088611	5.789423	0.002817359	0.001414666	10	5	0.65341896	-0.4900642	0.98273945	4.497036	3.8561594	-1.6965466	0	11	0	0	1	0	406.9032954	1217.688057	43.998585	-.LQLVPGHEGLR.-	sp|P13379|CD5_MOUSE	0.01270857619432
2023_05_31_mouse_tcell_100FC+PRTC_100fmol_100ng_60k_PRM_50cm_wtrap_01.mzml:2077.935:LTPEEIER+2	1	15481	10.725807	1.8186222	1.8532339	7.023376	6.7240796	0.019832175	0.009955753	7	6	0.28464043	-0.12524763	0.98937947	2.685636	1.0124187	-2.163994	0	8	0	1	0	0	493.7612893	985.5080257	34.63225	-.LTPEEIER.-	sp|P20029|BIP_MOUSE	0.005586112613747
2023_05_31_mouse_tcell_100FC+PRTC_100fmol_100ng_60k_PRM_50cm_wtrap_01.mzml:1749.6168:MAELC[+57.0214635]DSPR+2	1	13053	11.083815	1.2914093	1.5253059	5.524051	5.2183337	0.004113688	0.002023499	9	0	1.5075921	-0.50836974	0	10	10	-2.3825498	0	9	0	1	0	0	539.7364343	1077.458316	29.16028	-.MAELC[+57.0214635]DSPR.-	sp|O89110|CASP8_MOUSE	0.008464786540992995
2023_05_31_mouse_tcell_100FC+PRTC_100fmol_100ng_60k_PRM_50cm_wtrap_01.mzml:1584.1799:MAELC[+57.0214635]DSPREQDSESR+3	1	11830	9.611698	0.9667827	0.8110928	5.006177	4.7067723	0.027280673	0.013691487	8	0	1.5333987	-0.8907083	0	10	10	-1.0970755	1	16	0	0	1	0	637.2720064	1908.79419	26.402998	-.MAELC[+57.0214635]DSPREQDSESR.-	sp|O89110|CASP8_MOUSE	0.010028243017704993
2023_05_31_mouse_tcell_100FC+PRTC_100fmol_100ng_60k_PRM_50cm_wtrap_01.mzml:4387.5:decoyMAEPMGQFPPTTEFGPNEIGQTNSDK+3	-1	32558	3.6952887	0.08227185	-0.003007546	3.6952887	3.6992874	0.68526614	0.68925136	1	0	2.4280741	-1.8210557	0	10	10	-2.5761778	0	26	0	0	1	0	941.7581927	2822.252749	73.125	-.MAEPMGQFPPTTEFGPNEIGQTNSDK.-	DECOY_DECOY_sp|Q9D659|VISTA_MOUSE	-0.09752858036731601
2023_05_31_mouse_tcell_100FC+PRTC_100fmol_100ng_60k_PRM_50cm_wtrap_01.mzml:4987.4595:MDSNTQGIENPGFETTPPFQGMPEAK+3	1	36990	5.6680436	0.83237344	0.57125866	4.2878323	3.990801	0.080244206	0.040493235	4	4	1.9840494	1.0558488	0	10	10	-0.25207043	0	26	0	0	1	0	941.7581927	2822.252749	83.12432	-.MDSNTQGIENPGFETTPPFQGMPEAK.-	sp|Q9D659|VISTA_MOUSE	0.0025837213563789964
2023_05_31_mouse_tcell_100FC+PRTC_100fmol_100ng_60k_PRM_50cm_wtrap_01.mzml:5391.98:MFLNDFLNDQNR+2	1	39975	9.549353	1.3292027	1.4625479	4.943832	4.647982	0.023415543	0.011848264	8	8	1.5755916	-0.7068109	0.73402244	2.30151	-2.30151	-1.0578909	0	12	0	1	0	0	763.8564573	1525.698362	89.86633	-.MFLNDFLNDQNR.-	sp|Q8JZK9|HMCS1_MOUSE	0.009361287874927994
2023_05_31_mouse_tcell_100FC+PRTC_100fmol_100ng_60k_PRM_50cm_wtrap_01.mzml:3473.4739:MIEEAGAIISTR+2	1	25801	12.445707	2.2049289	2.967621	5.885944	5.591059	6.49E-04	3.29E-04	10	7	1.0731853	-0.804889	0.8027972	0.13109155	0.13109155	-1.1207011	0	12	0	1	0	0	645.8397453	1289.664938	57.89123	-.MIEEAGAIISTR.-	sp|Q91V12|BACH_MOUSE	0.01481141433059999
2023_05_31_mouse_tcell_100FC+PRTC_100fmol_100ng_60k_PRM_50cm_wtrap_01.mzml:3541.9556:decoyMNQDNLFDNLFR+2	-1	26307	5.284127	0.37212563	0.5196467	4.505976	4.4373116	0.330498	0.21602081	3	1	1.1358802	0.53161204	0	10	10	-2.3867788	0	12	0	1	0	0	763.8564573	1525.698362	59.032593	-.MNQDNLFDNLFR.-	DECOY_DECOY_sp|Q8JZK9|HMCS1_MOUSE	-0.03583239592578001
2023_05_31_mouse_tcell_100FC+PRTC_100fmol_100ng_60k_PRM_50cm_wtrap_01.mzml:1745.2755:decoyMPSDC[+57.0214635]LEAR+2	-1	13021	6.435318	0.30884624	0.73107964	5.0551066	4.9654403	0.19653721	0.18215373	4	0	4.7097845	-3.5323384	0	10	10	-2.1743684	0	9	0	1	0	0	539.7364338	1077.458315	29.087925	-.MPSDC[+57.0214635]LEAR.-	DECOY_DECOY_sp|O89110|CASP8_MOUSE	-0.029392435979510002
2023_05_31_mouse_tcell_100FC+PRTC_100fmol_100ng_60k_PRM_50cm_wtrap_01.mzml:1491.3491:decoyMSESDQERPSDC[+57.0214635]LEAR+3	-1	11144	4.498162	-0.010641414	0.5803209	4.498162	4.4997873	0.94119686	0.93631244	1	1	2.8119097	2.1089323	0	10	10	-3	0	16	0	0	1	0	637.272006	1908.794189	24.855818	-.MSESDQERPSDC[+57.0214635]LEAR.-	DECOY_DECOY_sp|O89110|CASP8_MOUSE	-0.14233502927473402
2023_05_31_mouse_tcell_100FC+PRTC_100fmol_100ng_60k_PRM_50cm_wtrap_01.mzml:3499.7249:decoyMTSIIAGAEEIR+2	-1	25995	5.5048137	0.28412938	0.9713034	5.2037835	5.2099285	0.7450458	0.75566256	2	1	4.0434823	1.5854673	0	10	10	-2.5890603	0	12	0	1	0	0	645.8397453	1289.664938	58.328747	-.MTSIIAGAEEIR.-	DECOY_DECOY_sp|Q91V12|BACH_MOUSE	-0.11534974394537999
2023_05_31_mouse_tcell_100FC+PRTC_100fmol_100ng_60k_PRM_50cm_wtrap_01.mzml:3434.925:decoyNASDGETLILTC[+57.0214635]ETSK+2	-1	25516	4.5716367	-0.003392588	0.09571769	4.5716367	4.575097	0.8806134	0.88765824	1	1	1.4179277	-1.0634458	0	10	10	-2.357091	0	16	0	1	0	0	869.9118238	1737.809095	57.248753	-.NASDGETLILTC[+57.0214635]ETSK.-	DECOY_DECOY_sp|Q01320|TOP2A_MOUSE	-0.12916121519857798
2023_05_31_mouse_tcell_100FC+PRTC_100fmol_100ng_60k_PRM_50cm_wtrap_01.mzml:2631.1382:decoyNKADFVTNEPNSTLQR+3	-1	19572	6.3763924	0.43496713	0.66724634	5.598241	5.6026697	0.27185753	0.25962493	3	0	5.676498	-4.2573733	0.9999736	3.065261	2.3546321	-2.2616923	1	16	0	0	1	0	611.9745064	1832.90169	43.852303	-.NKADFVTNEPNSTLQR.-	DECOY_DECOY_sp|P20029|BIP_MOUSE	-0.03779535864794
2023_05_31_mouse_tcell_100FC+PRTC_100fmol_100ng_60k_PRM_50cm_wtrap_01.mzml:1675.2045:NMMAAC[+57.0214635]DPR+2	1	12503	10.998938	1.5296304	1.7487438	6.393417	6.094661	0.04015793	0.020184375	8	2	0.8214224	-0.07710524	0.43495485	3.2162147	3.2162147	-1.2909365	0	9	0	1	0	0	533.2173548	1064.420157	27.920074	-.NMMAAC[+57.0214635]DPR.-	sp|P68372|TBB4B_MOUSE;sp|P99024|TBB5_MOUSE;sp|Q7TMM9|TBB2A_MOUSE;sp|Q922F4|TBB6_MOUSE;sp|Q9CWF2|TBB2B_MOUSE;sp|Q9D6F9|TBB4A_MOUSE;sp|Q9ERD7|TBB3_MOUSE	0.004606408602294996
2023_05_31_mouse_tcell_100FC+PRTC_100fmol_100ng_60k_PRM_50cm_wtrap_01.mzml:1809.5234:decoyNPDC[+57.0214635]AAMMR+2	-1	13496	7.138507	0.2144845	0.45333505	5.7582955	5.7016134	0.33857638	0.21438837	4	0	2.7578478	-0.35209054	0	10	10	-1.7153733	0	9	0	1	0	0	533.2173543	1064.420156	30.158724	-.NPDC[+57.0214635]AAMMR.-	DECOY_DECOY_sp|P68372|TBB4B_MOUSE;DECOY_DECOY_sp|P99024|TBB5_MOUSE;DECOY_DECOY_sp|Q7TMM9|TBB2A_MOUSE;DECOY_DECOY_sp|Q922F4|TBB6_MOUSE;DECOY_DECOY_sp|Q9CWF2|TBB2B_MOUSE;DECOY_DECOY_sp|Q9D6F9|TBB4A_MOUSE;DECOY_DECOY_sp|Q9ERD7|TBB3_MOUSE	-0.042358731361000004
2023_05_31_mouse_tcell_100FC+PRTC_100fmol_100ng_60k_PRM_50cm_wtrap_01.mzml:4018.3186:NQALVELLQK+2	1	29829	10.711689	1.5165488	1.7957745	5.1519256	4.852521	0.011110811	0.005576238	9	1	1.3417534	-0.2371996	0	10	10	-1.2869651	0	10	0	1	0	0	578.3402383	1154.665924	66.97198	-.NQALVELLQK.-	sp|Q60875|ARHG2_MOUSE	0.009829605146286002
2023_05_31_mouse_tcell_100FC+PRTC_100fmol_100ng_60k_PRM_50cm_wtrap_01.mzml:4018.3186:decoyNQLLEVLAQK+2	-1	29829	5.598196	0.39897692	0.5968526	4.820045	4.5206404	0.20201725	0.13348788	3	1	0.551845	-0.15822613	0	10	10	-1.6943052	0	10	0	1	0	0	578.3402383	1154.665924	66.97198	-.NQLLEVLAQK.-	DECOY_DECOY_sp|Q60875|ARHG2_MOUSE	-0.024782239200660004
2023_05_31_mouse_tcell_100FC+PRTC_100fmol_100ng_60k_PRM_50cm_wtrap_01.mzml:2632.339:NQLTSNPENTVFDAKR+3	1	19581	13.041893	1.9944873	3.517372	6.48213	6.1855288	0.007450013	0.003763187	10	3	0.45226693	-0.3392002	0.9832896	2.7995021	2.0223837	-1.7029818	1	16	0	0	1	0	611.9745064	1832.90169	43.87232	-.NQLTSNPENTVFDAKR.-	sp|P20029|BIP_MOUSE	0.014598350813715001
2023_05_31_mouse_tcell_100FC+PRTC_100fmol_100ng_60k_PRM_50cm_wtrap_01.mzml:5206.5137:NSSYFVEWIPNNVK+2	1	38607	13.521357	1.9020793	3.2669315	6.9615936	6.663809	0.004396583	0.002214779	10	3	0.24807553	0.07458455	0.9975036	3.1122189	2.586407	-2.0325851	0	14	0	1	0	0	848.9201068	1695.825661	86.77523	-.NSSYFVEWIPNNVK.-	sp|P68372|TBB4B_MOUSE;sp|P99024|TBB5_MOUSE;sp|Q7TMM9|TBB2A_MOUSE;sp|Q922F4|TBB6_MOUSE;sp|Q9CWF2|TBB2B_MOUSE;sp|Q9D6F9|TBB4A_MOUSE;sp|Q9ERD7|TBB3_MOUSE	0.016324869870542998
2023_05_31_mouse_tcell_100FC+PRTC_100fmol_100ng_60k_PRM_50cm_wtrap_01.mzml:3305.0903:NSTEC[+57.0214635]TLILTEGDSAK+2	1	24556	12.7838745	2.3987656	3.5486524	6.224111	5.926542	9.56E-04	4.82E-04	10	10	0.96160096	-0.7212007	0.99626136	3.1611156	2.0071523	-1.4107206	0	16	0	1	0	0	869.9118243	1737.809096	55.08484	-.NSTEC[+57.0214635]TLILTEGDSAK.-	sp|Q01320|TOP2A_MOUSE	0.019715008351720006
2023_05_31_mouse_tcell_100FC+PRTC_100fmol_100ng_60k_PRM_50cm_wtrap_01.mzml:5206.5137:decoyNVNNPIWEVFYSSK+2	-1	38607	6.3899736	0.099791884	0.4541743	5.6118226	5.6150675	0.29884833	0.3010897	3	0	3.542978	-2.123016	0.9975036	3.1122189	2.586407	-1.9025066	0	14	0	1	0	0	848.9201068	1695.825661	86.77523	-.NVNNPIWEVFYSSK.-	DECOY_DECOY_sp|P68372|TBB4B_MOUSE;DECOY_DECOY_sp|P99024|TBB5_MOUSE;DECOY_DECOY_sp|Q7TMM9|TBB2A_MOUSE;DECOY_DECOY_sp|Q922F4|TBB6_MOUSE;DECOY_DECOY_sp|Q9CWF2|TBB2B_MOUSE;DECOY_DECOY_sp|Q9D6F9|TBB4A_MOUSE;DECOY_DECOY_sp|Q9ERD7|TBB3_MOUSE	-0.04130724072137601
2023_05_31_mouse_tcell_100FC+PRTC_100fmol_100ng_60k_PRM_50cm_wtrap_01.mzml:2940.62:decoyQASQLLDKFDEQSGLTPNIK+3	-1	21861	5.8840714	0.25646234	0.39709693	5.10592	5.110993	0.23200542	0.23473147	3	0	4.1775665	1.0171847	0	10	10	-2.8063955	1	20	0	0	1	0	744.7217357	2231.143378	49.010334	-.QASQLLDKFDEQSGLTPNIK.-	DECOY_DECOY_sp|P10852|4F2_MOUSE	-0.03211241490262002
2023_05_31_mouse_tcell_100FC+PRTC_100fmol_100ng_60k_PRM_50cm_wtrap_01.mzml:3049.0784:decoyQDIVGLIK+2	-1	22663	6.5568247	0.45415938	0.79743516	5.1766133	4.9933276	0.30613282	0.20107445	4	1	1.0463978	-0.37820205	0.9886228	2.8540154	0.5168203	-0.9611006	0	8	0	1	0	0	443.2738358	884.5331187	50.817974	-.QDIVGLIK.-	DECOY_DECOY_sp|Q60865|CAPR1_MOUSE	-0.038896310918830015
2023_05_31_mouse_tcell_100FC+PRTC_100fmol_100ng_60k_PRM_50cm_wtrap_01.mzml:4671.5884:decoyQEGSSFQTEAMFK+2	-1	34657	5.705481	0.3427875	0.37071148	4.3252697	4.330343	0.17105974	0.17306969	4	0	0.9137297	0.011744753	0	10	10	-2.9604647	0	13	0	1	0	0	745.3350243	1488.655496	77.85981	-.QEGSSFQTEAMFK.-	DECOY_DECOY_sp|Q60865|CAPR1_MOUSE	-0.020207759837270002
2023_05_31_mouse_tcell_100FC+PRTC_100fmol_100ng_60k_PRM_50cm_wtrap_01.mzml:2954.1367:QFMAETQFSSGEK+2	1	21961	6.5789795	0.93106425	0.91201794	4.4997983	4.1715913	0.124464385	0.05885867	5	0	3.4884396	0.22121322	0	10	10	1.4411936	0	13	0	1	0	0	745.3350243	1488.655496	49.23561	-.QFMAETQFSSGEK.-	sp|Q60865|CAPR1_MOUSE	-0.0037539629584400006
2023_05_31_mouse_tcell_100FC+PRTC_100fmol_100ng_60k_PRM_50cm_wtrap_01.mzml:3046.9436:QILGVIDK+2	1	22647	10.411949	1.4907953	1.869534	5.806429	5.5070243	0.004168243	0.002091937	8	4	1.2810515	-0.9607886	0.99099386	2.4062042	1.5147725	-1.1395948	0	8	0	1	0	0	443.2738358	884.5331187	50.782394	-.QILGVIDK.-	sp|Q60865|CAPR1_MOUSE	0.006025380415554999
2023_05_31_mouse_tcell_100FC+PRTC_100fmol_100ng_60k_PRM_50cm_wtrap_01.mzml:4740.415:QINPTLGSQEDFKDLLQSAK+3	1	35165	12.246955	1.5238347	2.3674378	5.6871915	5.391235	0.006993574	0.003537874	10	0	1.427999	0.49767327	0.969584	0.9750264	0.9750264	-1.7997577	1	20	0	0	1	0	744.7217357	2231.143378	79.00692	-.QINPTLGSQEDFKDLLQSAK.-	sp|P10852|4F2_MOUSE	0.014582375949781994
2023_05_31_mouse_tcell_100FC+PRTC_100fmol_100ng_60k_PRM_50cm_wtrap_01.mzml:5210.0225:QIPC[+57.0214635]IVSMLTK+2	1	38633	8.797977	1.6627152	1.6756763	5.095547	4.8006625	0.014912426	0.007562464	7	3	0.47631022	-0.08575709	0.9574793	2.1650872	2.1650872	-1.5568104	0	11	0	1	0	0	645.3514348	1288.688317	86.83371	-.QIPC[+57.0214635]IVSMLTK.-	sp|P70677|CASP3_MOUSE	0.010264443371539998
2023_05_31_mouse_tcell_100FC+PRTC_100fmol_100ng_60k_PRM_50cm_wtrap_01.mzml:3572.5088:decoyQTLMSVIC[+57.0214635]PIK+2	-1	26533	4.759261	0.057899263	0.75676423	4.458231	4.426018	0.48464048	0.43904716	2	0	0.2833695	-0.21252713	0.6778132	5.9678116	-5.9678116	-3	0	11	0	1	0	0	645.3514343	1288.688316	59.541813	-.QTLMSVIC[+57.0214635]PIK.-	DECOY_DECOY_sp|P70677|CASP3_MOUSE	-0.07102809630630699
2023_05_31_mouse_tcell_100FC+PRTC_100fmol_100ng_60k_PRM_50cm_wtrap_01.mzml:5276.608:decoyRALDTTVPLPPGPPL+2	-1	39124	4.2354393	0.6513171	0.6725827	4.2354393	4.238361	0.69210017	0.69677186	1	0	1.0066992	0.7550244	0.9976629	4.562302	3.7428272	-1.8913841	1	15	0	1	0	0	772.4457668	1542.876981	87.94347	-.RALDTTVPLPPGPPL.-	DECOY_DECOY_sp|Q9JL26|FMNL1_MOUSE	-0.09914222343208001
2023_05_31_mouse_tcell_100FC+PRTC_100fmol_100ng_60k_PRM_50cm_wtrap_01.mzml:5279.7246:RPPGPPLPVTTDLAL+2	1	39147	8.352445	1.8545873	2.0729067	5.495112	5.197004	0.004873308	0.002453102	6	5	0.81206685	0.36561704	0.9969093	4.220211	3.0846746	-1.2902622	0	15	0	1	0	0	772.4457668	1542.876981	87.99541	-.RPPGPPLPVTTDLAL.-	sp|Q9JL26|FMNL1_MOUSE	0.012851147456980006
2023_05_31_mouse_tcell_100FC+PRTC_100fmol_100ng_60k_PRM_50cm_wtrap_01.mzml:2925.6372:decoySAASSDC[+57.0214635]LAEWQR+2	-1	21750	5.7152443	0.35033673	0.6368887	4.937093	4.7747474	0.39653665	0.24331498	3	1	0.41176757	-0.16083059	0	10	10	-2.716733	0	13	0	1	0	0	740.8278968	1479.641241	48.76062	-.SAASSDC[+57.0214635]LAEWQR.-	DECOY_DECOY_sp|P13379|CD5_MOUSE	-0.044041042389
2023_05_31_mouse_tcell_100FC+PRTC_100fmol_100ng_60k_PRM_50cm_wtrap_01.mzml:5673.7773:decoySAWNNGAGSQGFVFNDPRFIQGFPGK+3	-1	42053	4.5887375	0.19243085	0.47321084	4.5887375	4.5949893	0.9492151	0.9629786	1	1	0.8468484	-0.6351363	0	10	10	-2.3528156	1	26	0	0	1	0	933.4526424	2797.336098	94.56296	-.SAWNNGAGSQGFVFNDPRFIQGFPGK.-	DECOY_DECOY_sp|P68372|TBB4B_MOUSE;DECOY_DECOY_sp|P99024|TBB5_MOUSE;DECOY_DECOY_sp|Q7TMM9|TBB2A_MOUSE;DECOY_DECOY_sp|Q9CWF2|TBB2B_MOUSE;DECOY_DECOY_sp|Q9D6F9|TBB4A_MOUSE	-0.13775784817681
2023_05_31_mouse_tcell_100FC+PRTC_100fmol_100ng_60k_PRM_50cm_wtrap_01.mzml:1321.258:SC[+57.0214635]C[+57.0214635]SC[+57.0214635]C[+57.0214635]PVGC[+57.0214635]SK+2	1	9886	12.044439	2.0701578	2.5095415	6.4846754	6.1867824	0.001160723	5.85E-04	9	9	0.43066478	-0.27601463	0.91520387	1.8762236	1.1856952	-0.10350847	0	12	0	1	0	0	731.2560258	1460.497499	22.020967	-.SC[+57.0214635]C[+57.0214635]SC[+57.0214635]C[+57.0214635]PVGC[+57.0214635]SK.-	sp|P02802|MT1_MOUSE	0.01709212670467199
2023_05_31_mouse_tcell_100FC+PRTC_100fmol_100ng_60k_PRM_50cm_wtrap_01.mzml:2452.4883:SENVEGTPAEDGAEPGSLR+2	1	18251	12.186098	1.7226838	3.6254742	6.6263347	6.3333726	0.003304103	0.001683027	9	6	0.566339	-0.42475426	0.9790336	2.9618347	2.393521	-1.4797921	0	19	0	1	0	0	957.9374158	1913.860279	40.874805	-.SENVEGTPAEDGAEPGSLR.-	sp|Q01320|TOP2A_MOUSE	0.016720795469484996
2023_05_31_mouse_tcell_100FC+PRTC_100fmol_100ng_60k_PRM_50cm_wtrap_01.mzml:1946.7867:SETMETEDVPTSSR+2	1	14511	7.9313564	0.47245356	0.49679512	6.551145	6.251524	0.01658675	0.008320329	4	1	0.5445525	0.262384	0.5798174	5.925737	-5.925737	-1.4795108	0	14	0	1	0	0	784.8408673	1567.667182	32.446445	-.SETMETEDVPTSSR.-	sp|Q62351|TFR1_MOUSE	0.0026474970123309977
2023_05_31_mouse_tcell_100FC+PRTC_100fmol_100ng_60k_PRM_50cm_wtrap_01.mzml:5322.9487:decoySFALAEVLEPTQPR+2	-1	39466	3.8282151	0.08915622	0.40733436	3.8282151	3.8304892	0.9485739	0.9535539	1	0	0.5503074	0.41273054	0	10	10	-2.3972135	0	14	0	1	0	0	779.4172058	1556.819859	88.71581	-.SFALAEVLEPTQPR.-	DECOY_DECOY_sp|Q6A0A9|F120A_MOUSE	-0.14046322909771997
2023_05_31_mouse_tcell_100FC+PRTC_100fmol_100ng_60k_PRM_50cm_wtrap_01.mzml:3802.583:SFVLNLGK+2	1	28234	12.9588	1.313041	1.6281055	7.399037	7.1000648	0.006536954	0.003284002	9	6	1.164943	0.87370723	0.99008524	3.1567974	2.2903647	-2.3969598	0	8	0	1	0	0	439.2607278	876.5069027	63.376385	-.SFVLNLGK.-	sp|P16045|LEG1_MOUSE	0.0024505294380139965
2023_05_31_mouse_tcell_100FC+PRTC_100fmol_100ng_60k_PRM_50cm_wtrap_01.mzml:4976.7534:SGEYSC[+57.0214635]IFLPEPVGR+2	1	36911	12.866352	2.018202	3.2130215	6.306589	6.008589	0.001227772	6.18E-04	10	8	0.57287514	-0.34665734	0.9943256	3.9031823	3.9031823	-1.3613558	0	15	0	1	0	0	855.9114258	1709.808299	82.94589	-.SGEYSC[+57.0214635]IFLPEPVGR.-	sp|P18572|BASI_MOUSE	0.017673422013327996
2023_05_31_mouse_tcell_100FC+PRTC_100fmol_100ng_60k_PRM_50cm_wtrap_01.mzml:3719.2402:decoySGLNLVFK+2	-1	27618	7.1356616	0.17583075	0.49206972	5.7554502	5.6173306	0.5881204	0.36185858	4	1	1.3748866	-1.031165	0.8869625	9.415847	9.415847	-2.844483	0	8	0	1	0	0	439.2607278	876.5069027	61.98734	-.SGLNLVFK.-	DECOY_DECOY_sp|P16045|LEG1_MOUSE	-0.07464544898540999
2023_05_31_mouse_tcell_100FC+PRTC_100fmol_100ng_60k_PRM_50cm_wtrap_01.mzml:5793.979:SGPFGQIFRPDNFVFGQSGAGNNWAK+3	1	42939	9.407276	1.1756678	1.268525	5.704845	5.3774767	0.033538006	0.016135631	7	7	1.8922979	-0.56006753	0.573458	5.1228104	5.1228104	0.32421494	0	26	0	0	1	0	933.4526424	2797.336098	96.566315	-.SGPFGQIFRPDNFVFGQSGAGNNWAK.-	sp|P68372|TBB4B_MOUSE;sp|P99024|TBB5_MOUSE;sp|Q7TMM9|TBB2A_MOUSE;sp|Q9CWF2|TBB2B_MOUSE;sp|Q9D6F9|TBB4A_MOUSE	0.010716368474972999
2023_05_31_mouse_tcell_100FC+PRTC_100fmol_100ng_60k_PRM_50cm_wtrap_01.mzml:4977.955:decoySGVPEPLFIC[+57.0214635]SYEGR+2	-1	36920	4.730795	0.09464159	0.517724	4.730795	4.4327946	1.0045055	0.5580483	1	0	0.34371015	-0.2577826	0.9959716	2.9523284	2.9523284	-2.4222527	0	15	0	1	0	0	855.9114253	1709.808298	82.96592	-.SGVPEPLFIC[+57.0214635]SYEGR.-	DECOY_DECOY_sp|P18572|BASI_MOUSE	-0.11484806618706005
2023_05_31_mouse_tcell_100FC+PRTC_100fmol_100ng_60k_PRM_50cm_wtrap_01.mzml:2832.184:SGYLLPDTK+2	1	21059	13.539246	2.0837097	2.388521	6.9794827	6.6805105	0.005187987	0.002606315	10	5	0.40564552	-0.30423415	0.98480654	2.9422343	2.0186064	-1.7647492	0	9	0	1	0	0	497.2662033	992.5178537	47.203068	-.SGYLLPDTK.-	sp|P08113|ENPL_MOUSE	0.010799421894052988
2023_05_31_mouse_tcell_100FC+PRTC_100fmol_100ng_60k_PRM_50cm_wtrap_01.mzml:3414.6582:SKESVPDFPLSPPK+3	1	25366	13.376333	1.899608	2.776584	6.8165693	6.5109577	0.005315954	0.002462164	10	2	0.2262453	0.16968398	0.99239045	2.96997	2.96997	-2.2616243	1	14	0	0	1	0	509.9399627	1526.798059	56.91097	-.SKESVPDFPLSPPK.-	sp|P54227|STMN1_MOUSE	0.012694223682161995
2023_05_31_mouse_tcell_100FC+PRTC_100fmol_100ng_60k_PRM_50cm_wtrap_01.mzml:5372.997:decoySLLLVDC[+57.0214635]PVLNEQPR+2	-1	39835	0	0	0.10800055	0	0	0.14427729	0.14503473	0	0	0	0	0	10	10	-2.4972696	0	15	0	1	0	0	876.9692788	1751.924005	89.54995	-.SLLLVDC[+57.0214635]PVLNEQPR.-	DECOY_DECOY_sp|Q9EPE9|AT131_MOUSE	-0.01602576854022
2023_05_31_mouse_tcell_100FC+PRTC_100fmol_100ng_60k_PRM_50cm_wtrap_01.mzml:2452.4883:decoySLSGPEAGDEAPTGEVNER+2	-1	18251	5.1998177	0.24386956	0.7825629	5.1998177	4.9068556	0.991199	0.5642995	1	0	0.22873557	0.17155167	0.9790336	2.9618347	2.393521	-2.7039583	0	19	0	1	0	0	957.9374158	1913.860279	40.874805	-.SLSGPEAGDEAPTGEVNER.-	DECOY_DECOY_sp|Q01320|TOP2A_MOUSE	-0.11177447792479002
2023_05_31_mouse_tcell_100FC+PRTC_100fmol_100ng_60k_PRM_50cm_wtrap_01.mzml:3375.305:decoySPPSLPFDPVSEKK+3	-1	25075	6.1354923	0.20100382	0.3775205	5.3573413	5.364235	0.33040532	0.3356918	3	0	1.8052748	-1.1016918	0.8708783	3.9272983	1.7547643	-3	1	14	0	0	1	0	509.9399627	1526.798059	56.25508	-.SPPSLPFDPVSEKK.-	DECOY_DECOY_sp|P54227|STMN1_MOUSE	-0.04954661440729999
2023_05_31_mouse_tcell_100FC+PRTC_100fmol_100ng_60k_PRM_50cm_wtrap_01.mzml:5515.598:SPQENLVPC[+57.0214635]DVLLLR+2	1	40887	10.850115	2.221604	2.7725415	5.2903514	4.9915953	0.007576547	0.003808162	9	9	0.99958843	-0.6285928	0.9358007	1.7732996	1.1937023	4.1845407	0	15	0	1	0	0	876.9692793	1751.924006	91.926636	-.SPQENLVPC[+57.0214635]DVLLLR.-	sp|Q9EPE9|AT131_MOUSE	0.022570027917956006
2023_05_31_mouse_tcell_100FC+PRTC_100fmol_100ng_60k_PRM_50cm_wtrap_01.mzml:5324.2837:SPQTPELVEALAFR+2	1	39476	8.885112	1.15385	1.712749	5.182681	4.883925	0.007801679	0.003921319	7	4	1.8038877	-0.98937476	0.7249161	5.5207615	5.5207615	-0.50691843	0	14	0	1	0	0	779.4172058	1556.819859	88.73806	-.SPQTPELVEALAFR.-	sp|Q6A0A9|F120A_MOUSE	0.010389466188427003
2023_05_31_mouse_tcell_100FC+PRTC_100fmol_100ng_60k_PRM_50cm_wtrap_01.mzml:2952.6672:SQWEALC[+57.0214635]DSSAAR+2	1	21950	12.341184	2.1304872	2.7544675	5.78142	5.4827724	0.001014584	5.10E-04	10	7	0.4168885	0.1878643	0.6216457	2.71624	-2.696865	-2.0143526	0	13	0	1	0	0	740.8278973	1479.641242	49.21112	-.SQWEALC[+57.0214635]DSSAAR.-	sp|P13379|CD5_MOUSE	0.01613515363681599
2023_05_31_mouse_tcell_100FC+PRTC_100fmol_100ng_60k_PRM_50cm_wtrap_01.mzml:1336.9547:decoySSC[+57.0214635]GVPC[+57.0214635]C[+57.0214635]SC[+57.0214635]C[+57.0214635]K+2	-1	10002	4.8226247	0.16011928	0.2615499	4.8226247	4.825762	0.94773275	0.95460373	1	1	0.27633652	-0.2072524	0	10	10	-2.484314	0	12	0	1	0	0	731.2560233	1460.497494	22.28258	-.SSC[+57.0214635]GVPC[+57.0214635]C[+57.0214635]SC[+57.0214635]C[+57.0214635]K.-	DECOY_DECOY_sp|P02802|MT1_MOUSE	-0.14004503049895
2023_05_31_mouse_tcell_100FC+PRTC_100fmol_100ng_60k_PRM_50cm_wtrap_01.mzml:1972.3258:decoySSSTPVDETEMTER+2	-1	14700	4.461276	0.021154884	0.084551744	4.160246	3.92297	0.87080795	0.4772918	2	0	0.7727957	-0.002102882	0	10	10	-2.384681	0	14	0	1	0	0	784.8408673	1567.667182	32.872097	-.SSSTPVDETEMTER.-	DECOY_DECOY_sp|Q62351|TFR1_MOUSE	-0.09785031503869202
2023_05_31_mouse_tcell_100FC+PRTC_100fmol_100ng_60k_PRM_50cm_wtrap_01.mzml:2708.904:decoySTDPLLYGK+2	-1	20147	6.7329283	0.4036176	0.5911212	5.9547772	5.9568353	0.30194578	0.3021782	3	1	0.6517878	-0.48884088	0.98466337	3.5252562	1.4355847	-2.3440218	0	9	0	1	0	0	497.2662033	992.5178537	45.1484	-.STDPLLYGK.-	DECOY_DECOY_sp|P08113|ENPL_MOUSE	-0.046494500255290006
2023_05_31_mouse_tcell_100FC+PRTC_100fmol_100ng_60k_PRM_50cm_wtrap_01.mzml:4215.9526:decoyTADEIVPIINR+2	-1	31290	7.035751	0.2676422	0.7713727	5.6555395	5.556273	0.2647229	0.1752089	4	0	2.6595216	-1.3435137	0	10	10	-2.1587982	0	11	0	1	0	0	620.8484273	1239.682302	70.26588	-.TADEIVPIINR.-	DECOY_DECOY_sp|P35550|FBRL_MOUSE	-0.033005034014600004
2023_05_31_mouse_tcell_100FC+PRTC_100fmol_100ng_60k_PRM_50cm_wtrap_01.mzml:4215.9526:decoyTADELVPIINR+2	-1	31290	7.035751	0.2676422	0.7713727	5.6555395	5.556273	0.2647229	0.1752089	4	0	2.6595216	-1.3435137	0	10	10	-2.1587982	0	11	0	1	0	0	620.8484273	1239.682302	70.26588	-.TADELVPIINR.-	DECOY_DECOY_sp|Q80WS3|FBLL1_MOUSE	-0.033005034014600004
2023_05_31_mouse_tcell_100FC+PRTC_100fmol_100ng_60k_PRM_50cm_wtrap_01.mzml:4532.8506:TFSNDIMLLK+2	1	33632	12.856813	1.7434018	2.1484003	7.2970505	6.9985104	0.006720433	0.003379538	9	1	0.59970766	0.44978076	0.99257004	4.777592	4.164654	-2.376448	0	10	0	1	0	0	591.3153743	1180.616196	75.54751	-.TFSNDIMLLK.-	sp|P04187|GRAB_MOUSE	0.009588618092093996
2023_05_31_mouse_tcell_100FC+PRTC_100fmol_100ng_60k_PRM_50cm_wtrap_01.mzml:2380.2708:TILIEANR+2	1	17717	11.814671	1.4836599	1.9983121	6.2549067	5.955502	0.008645073	0.004338746	9	0	0.849608	-0.637206	0	10	10	-1.5396919	0	8	0	1	0	0	465.2743668	928.5341807	39.67118	-.TILIEANR.-	sp|Q9JL26|FMNL1_MOUSE	0.0071289301091259985
2023_05_31_mouse_tcell_100FC+PRTC_100fmol_100ng_60k_PRM_50cm_wtrap_01.mzml:4532.8506:decoyTLLMIDNSFK+2	-1	33632	6.1165953	0.08938862	0.20775644	5.815565	5.6763825	0.65712	0.3955785	2	0	0.48216924	0.36162692	0.99257004	4.777592	4.164654	-2.9033155	0	10	0	1	0	0	591.3153743	1180.616196	75.54751	-.TLLMIDNSFK.-	DECOY_DECOY_sp|P04187|GRAB_MOUSE	-0.08156147542236002
2023_05_31_mouse_tcell_100FC+PRTC_100fmol_100ng_60k_PRM_50cm_wtrap_01.mzml:2377.9675:decoyTNAEILIR+2	-1	17700	7.2553864	0.26189023	0.6234873	5.176205	5.1167827	0.36555833	0.24550216	5	0	0.9470134	-0.52382994	0.8874457	8.693916	-8.693916	-2.1144447	0	8	0	1	0	0	465.2743668	928.5341807	39.632793	-.TNAEILIR.-	DECOY_DECOY_sp|Q9JL26|FMNL1_MOUSE	-0.04728118078731
2023_05_31_mouse_tcell_100FC+PRTC_100fmol_100ng_60k_PRM_50cm_wtrap_01.mzml:4190.7573:TNIIPVIEDAR+2	1	31104	12.295925	1.4095722	1.7869912	6.7361617	6.2633615	0.004359445	0.00146768	9	3	0.49085855	-0.36814392	0.97775096	1.8659382	0.84676856	-1.9411955	0	11	0	1	0	0	620.8484273	1239.682302	69.845955	-.TNIIPVIEDAR.-	sp|P35550|FBRL_MOUSE	0.008573034572749993
2023_05_31_mouse_tcell_100FC+PRTC_100fmol_100ng_60k_PRM_50cm_wtrap_01.mzml:4190.7573:TNIIPVLEDAR+2	1	31104	12.295925	1.4095722	1.7869912	6.7361617	6.2633615	0.004359445	0.00146768	9	3	0.49085855	-0.36814392	0.97775096	1.8659382	0.84676856	-1.9411955	0	11	0	1	0	0	620.8484273	1239.682302	69.845955	-.TNIIPVLEDAR.-	sp|Q80WS3|FBLL1_MOUSE	0.008573034572749993
2023_05_31_mouse_tcell_100FC+PRTC_100fmol_100ng_60k_PRM_50cm_wtrap_01.mzml:2838.6936:TQQVIPMVK+2	1	21107	12.889143	1.7576957	2.3618903	7.32938	7.030624	0.010756331	0.005406401	9	3	1.1352236	0.8514177	0.9777226	2.6262684	1.6296765	-1.6942304	0	9	0	1	0	0	522.2995283	1042.584504	47.31156	-.TQQVIPMVK.-	sp|P04187|GRAB_MOUSE	0.0072767171741629985
2023_05_31_mouse_tcell_100FC+PRTC_100fmol_100ng_60k_PRM_50cm_wtrap_01.mzml:2931.845:decoyTVMPIVQQK+2	-1	21796	6.7245693	0.23699951	0.6501485	5.946418	5.948692	0.30971318	0.31133914	3	0	3.4447038	1.7430152	0	10	10	-1.5781212	0	9	0	1	0	0	522.2995283	1042.584504	48.864082	-.TVMPIVQQK.-	DECOY_DECOY_sp|P04187|GRAB_MOUSE	-0.05014961531331
2023_05_31_mouse_tcell_100FC+PRTC_100fmol_100ng_60k_PRM_50cm_wtrap_01.mzml:1960.1752:VC[+57.0214635]AGYFR+2	1	14610	9.663639	0.8421002	1.0151045	5.9612083	5.6613708	0.027491454	0.013783529	7	1	0.6664719	-0.4998539	0.41414842	3.4051669	-3.4051669	-1.2891006	0	7	0	1	0	0	436.7078018	871.4010507	32.669586	-.VC[+57.0214635]AGYFR.-	sp|P20334|TNR9_MOUSE	-0.000612899061213
2023_05_31_mouse_tcell_100FC+PRTC_100fmol_100ng_60k_PRM_50cm_wtrap_01.mzml:1365.2208:VDQQVQDNENAPQR+2	1	10211	12.694643	1.8692132	3.099342	6.13488	5.8156734	0.001703878	8.41E-04	10	9	0.44075608	-0.18034962	0.9568858	1.4856635	0.9946538	-1.0704219	0	14	0	1	0	0	820.8847898	1639.755027	22.753681	-.VDQQVQDNENAPQR.-	sp|E9PVX6|KI67_MOUSE	0.017153214011271994
2023_05_31_mouse_tcell_100FC+PRTC_100fmol_100ng_60k_PRM_50cm_wtrap_01.mzml:1913.3611:VEIIANDQGNR+2	1	14264	14.101122	2.0895333	2.5712104	7.541358	7.24583	0.001642646	8.32E-04	10	7	1.3932662	1.0449497	0.99908173	4.5429654	3.9151413	-2.5460217	0	11	0	1	0	0	614.8176583	1227.620764	31.88935	-.VEIIANDQGNR.-	sp|P16627|HS71L_MOUSE;sp|P17156|HSP72_MOUSE;sp|P17879|HS71B_MOUSE;sp|P20029|BIP_MOUSE;sp|P63017|HSP7C_MOUSE;sp|Q61696|HS71A_MOUSE	0.011756886937413995
2023_05_31_mouse_tcell_100FC+PRTC_100fmol_100ng_60k_PRM_50cm_wtrap_01.mzml:1816.8367:VETQNPSLSSPETK+2	1	13550	7.9938054	0.8719495	1.0633628	5.1364727	4.8378243	0.03164982	0.015911948	6	1	0.86656886	-0.6202251	0	10	10	-1.5297265	0	14	0	1	0	0	758.8781098	1515.741667	30.280611	-.VETQNPSLSSPETK.-	sp|E9Q394|AKP13_MOUSE	0.006647478336292003
2023_05_31_mouse_tcell_100FC+PRTC_100fmol_100ng_60k_PRM_50cm_wtrap_01.mzml:3251.1265:VFPNGLASQEGTIQK+2	1	24157	9.825078	2.0061111	2.0447748	5.2195573	4.928403	0.002096142	0.001072177	8	4	1.9571403	-1.4198384	0.72266495	3.2346706	3.2346706	-1.3804948	0	15	0	1	0	0	794.9201128	1587.825673	54.18544	-.VFPNGLASQEGTIQK.-	sp|O54824|IL16_MOUSE	0.016994816063721
2023_05_31_mouse_tcell_100FC+PRTC_100fmol_100ng_60k_PRM_50cm_wtrap_01.mzml:1970.7239:decoyVFYGAC[+57.0214635]R+2	-1	14688	6.632514	0.6061624	0.6229401	5.2523026	5.028053	0.368716	0.26543155	4	0	0.5060103	-0.33496034	0.41414842	1.3122988	-1.3122988	-1.6114588	0	7	0	1	0	0	436.7078013	871.4010497	32.845398	-.VFYGAC[+57.0214635]R.-	DECOY_DECOY_sp|P20334|TNR9_MOUSE	-0.04751318279411
2023_05_31_mouse_tcell_100FC+PRTC_100fmol_100ng_60k_PRM_50cm_wtrap_01.mzml:1524.0737:VGTQTFC[+57.0214635]SR+2	1	11386	11.245126	1.3522457	1.8555156	5.6853623	5.38639	0.003585061	0.001801045	9	0	2.2915218	-1.7186414	0	10	10	-1.5005109	0	9	0	1	0	0	528.2505668	1054.486581	25.401228	-.VGTQTFC[+57.0214635]SR.-	sp|Q3U7R1|ESYT1_MOUSE	0.008495579154218988
2023_05_31_mouse_tcell_100FC+PRTC_100fmol_100ng_60k_PRM_50cm_wtrap_01.mzml:5622.7485:VLEVPPIVYLR+2	1	41677	10.578521	2.0515394	2.307834	5.973	5.673812	0.002446757	0.001228578	8	8	0.8521754	-0.63913155	0.99711204	3.4870358	2.703108	-1.317666	0	11	0	1	0	0	649.3975518	1296.780551	93.71248	-.VLEVPPIVYLR.-	sp|Q91V12|BACH_MOUSE	0.012626412114629993
2023_05_31_mouse_tcell_100FC+PRTC_100fmol_100ng_60k_PRM_50cm_wtrap_01.mzml:3838.8174:decoyVLNQNVLC[+57.0214635]ATLSTR+3	-1	28502	6.4963098	0.278345	0.4946979	5.1160984	5.060597	0.2178263	0.16204813	4	0	8.025131	-6.0188484	0	10	10	-1.2106209	0	14	0	0	1	0	530.2873684	1587.840276	63.98029	-.VLNQNVLC[+57.0214635]ATLSTR.-	DECOY_DECOY_sp|P01831|THY1_MOUSE	-0.02874392937233
2023_05_31_mouse_tcell_100FC+PRTC_100fmol_100ng_60k_PRM_50cm_wtrap_01.mzml:5624.795:decoyVLYVIPPVELR+2	-1	41692	5.7211175	0.7747664	0.57952106	5.4200873	5.120899	0.38833955	0.25743586	2	2	0.24841167	0.13866033	0.99711204	3.4870358	2.703108	-2.8285596	0	11	0	1	0	0	649.3975518	1296.780551	93.74658	-.VLYVIPPVELR.-	DECOY_DECOY_sp|Q91V12|BACH_MOUSE	-0.046767591386169996
2023_05_31_mouse_tcell_100FC+PRTC_100fmol_100ng_60k_PRM_50cm_wtrap_01.mzml:3537.0767:VMNTGSQFVMEGVK+2	1	26271	11.759172	1.7920316	1.9380467	5.199409	4.9035597	0.002803421	0.001418531	10	1	2.6722295	0.7001133	0.5947007	9.410799	9.410799	0.006995201	0	14	0	1	0	0	763.8707198	1525.726887	58.95128	-.VMNTGSQFVMEGVK.-	sp|Q8BRF7|SCFD1_MOUSE	0.017439931240603994
2023_05_31_mouse_tcell_100FC+PRTC_100fmol_100ng_60k_PRM_50cm_wtrap_01.mzml:2025.6141:decoyVNGQDNAIIER+2	-1	15094	6.394228	0.38826662	0.68208027	5.616077	5.621579	0.27940544	0.2829679	3	0	1.7585573	-1.318918	0	10	10	-3	0	11	0	1	0	0	614.8176583	1227.620764	33.760235	-.VNGQDNAIIER.-	DECOY_DECOY_sp|P16627|HS71L_MOUSE;DECOY_DECOY_sp|P17156|HSP72_MOUSE;DECOY_DECOY_sp|P17879|HS71B_MOUSE;DECOY_DECOY_sp|P20029|BIP_MOUSE;DECOY_DECOY_sp|P63017|HSP7C_MOUSE;DECOY_DECOY_sp|Q61696|HS71A_MOUSE	-0.04128920492745
2023_05_31_mouse_tcell_100FC+PRTC_100fmol_100ng_60k_PRM_50cm_wtrap_01.mzml:3353.268:decoyVQITGEQSALGNPFK+2	-1	24912	4.564989	0.36651367	0.36302727	4.263959	4.2738347	0.43497318	0.41681647	2	2	1.3780082	-1.0335062	0	10	10	-3	0	15	0	1	0	0	794.9201128	1587.825673	55.887802	-.VQITGEQSALGNPFK.-	DECOY_DECOY_sp|O54824|IL16_MOUSE	-0.05940808851781
2023_05_31_mouse_tcell_100FC+PRTC_100fmol_100ng_60k_PRM_50cm_wtrap_01.mzml:1440.6748:decoyVQPANENDQVQQDR+2	-1	10769	0	-0.006477561	0.2160189	0	0	0.11000872	0.11088878	0	0	0	0	0	10	10	-3	0	14	0	1	0	0	820.8847898	1639.755027	24.011248	-.VQPANENDQVQQDR.-	DECOY_DECOY_sp|E9PVX6|KI67_MOUSE	-0.011415577062841001
2023_05_31_mouse_tcell_100FC+PRTC_100fmol_100ng_60k_PRM_50cm_wtrap_01.mzml:2104.176:VRPEIINESGNPSYK+3	1	15675	12.135002	1.8748801	2.405704	5.575239	5.276807	0.002791106	0.001403926	10	1	1.3472885	-1.0104663	0	10	10	-2.1527362	0	15	0	0	1	0	568.296806	1701.868589	35.0696	-.VRPEIINESGNPSYK.-	sp|Q9CQU0|TXD12_MOUSE	0.015105102388337996
2023_05_31_mouse_tcell_100FC+PRTC_100fmol_100ng_60k_PRM_50cm_wtrap_01.mzml:1422.9471:decoyVSC[+57.0214635]FTQTGR+2	-1	10638	6.44532	0.1964121	0.7293168	5.065109	5.067167	0.21103935	0.1991754	4	0	5.899719	-4.4247894	0	10	10	-1.3241673	0	9	0	1	0	0	528.2505663	1054.48658	23.715786	-.VSC[+57.0214635]FTQTGR.-	DECOY_DECOY_sp|Q3U7R1|ESYT1_MOUSE	-0.032361408199899994
2023_05_31_mouse_tcell_100FC+PRTC_100fmol_100ng_60k_PRM_50cm_wtrap_01.mzml:1848.4543:decoyVTEPSSLSPNQTEK+2	-1	13784	5.439105	0.3436842	0.48164898	4.6609535	4.625918	0.29792657	0.27818003	3	0	2.2948606	-1.7211454	0	10	10	-2.026246	0	14	0	1	0	0	758.8781098	1515.741667	30.807573	-.VTEPSSLSPNQTEK.-	DECOY_DECOY_sp|E9Q394|AKP13_MOUSE	-0.038090850366469996
2023_05_31_mouse_tcell_100FC+PRTC_100fmol_100ng_60k_PRM_50cm_wtrap_01.mzml:3949.0334:VTSLTAC[+57.0214635]LVNQNLR+3	1	29317	13.788837	2.0271125	2.889183	6.187681	5.8898964	0.003057261	0.001540095	11	3	0.7676423	-0.57573175	0.9890904	3.5729046	2.6712015	-2.3146424	0	14	0	0	1	0	530.2873687	1587.840277	65.81722	-.VTSLTAC[+57.0214635]LVNQNLR.-	sp|P01831|THY1_MOUSE	0.014397841154668994
2023_05_31_mouse_tcell_100FC+PRTC_100fmol_100ng_60k_PRM_50cm_wtrap_01.mzml:3573.5764:decoyVVGEMVFQSGTNMK+2	-1	26541	5.679657	0.20002453	0.5106353	4.901506	4.906687	0.25421017	0.25726068	3	0	1.7971674	-0.13647038	0	10	10	-2.3761663	0	14	0	1	0	0	763.8707198	1525.726887	59.55961	-.VVGEMVFQSGTNMK.-	DECOY_DECOY_sp|Q8BRF7|SCFD1_MOUSE	-0.03498946619887001
2023_05_31_mouse_tcell_100FC+PRTC_100fmol_100ng_60k_PRM_50cm_wtrap_01.mzml:2219.0986:decoyVYSPNGSENIIEPRK+3	-1	16525	5.2795067	0.019195952	0.16569453	4.9784765	4.9810743	0.39061272	0.39295647	2	0	0.80661196	0.60495895	0	10	10	-3	1	15	0	0	1	0	568.296806	1701.868589	36.984978	-.VYSPNGSENIIEPRK.-	DECOY_DECOY_sp|Q9CQU0|TXD12_MOUSE	-0.05830390011584802
2023_05_31_mouse_tcell_100FC+PRTC_100fmol_100ng_60k_PRM_50cm_wtrap_01.mzml:5685.6924:WASSLENLLEDPEGVQR+2	1	42141	3.7480834	0.25	0.24204783	3.7480834	3.4484625	0.72875416	0.36556134	1	1	1.2603033	-0.94522744	0	10	10	-2.5629792	0	17	0	1	0	0	971.9788863	1941.94322	94.76154	-.WASSLENLLEDPEGVQR.-	sp|Q9CQE5|RGS10_MOUSE	-0.07631496068867001
2023_05_31_mouse_tcell_100FC+PRTC_100fmol_100ng_60k_PRM_50cm_wtrap_01.mzml:2057.5334:decoyWC[+57.0214635]SSDINK+2	-1	15330	5.6787806	0.5028221	0.8232134	4.9006295	4.694779	0.2399817	0.19424675	3	0	1.0555829	-0.11659402	0.95930135	1.1457305	0.6957214	-3	0	8	0	1	0	0	505.2240158	1008.433479	34.292225	-.WC[+57.0214635]SSDINK.-	DECOY_DECOY_sp|Q62351|TFR1_MOUSE	-0.033427548238300006
2023_05_31_mouse_tcell_100FC+PRTC_100fmol_100ng_60k_PRM_50cm_wtrap_01.mzml:2054.261:WNIDSSC[+57.0214635]K+2	1	15306	9.967478	1.2826077	1.6731875	5.3619566	5.0639563	0.005747101	0.002893665	8	0	1.3058258	0.054853946	0.88073075	2.9255855	-2.9255855	-1.4439051	0	8	0	1	0	0	505.2240163	1008.43348	34.237682	-.WNIDSSC[+57.0214635]K.-	sp|Q62351|TFR1_MOUSE	0.006707756329668999
2023_05_31_mouse_tcell_100FC+PRTC_100fmol_100ng_60k_PRM_50cm_wtrap_01.mzml:5766.837:decoyWQVGEPDELLNELSSAR+2	-1	42739	3.4749343	0.2247243	0.22004035	3.4749343	3.4763434	0.9317168	0.9347449	1	1	2.4026515	-1.8019886	0.6651869	6.3425107	6.3425107	-2.6312664	0	17	0	1	0	0	971.9788863	1941.94322	96.113945	-.WQVGEPDELLNELSSAR.-	DECOY_DECOY_sp|Q9CQE5|RGS10_MOUSE	-0.13299425991965003
2023_05_31_mouse_tcell_100FC+PRTC_100fmol_100ng_60k_PRM_50cm_wtrap_01.mzml:3264.3738:decoyYAFELNNTVEQK+2	-1	24255	5.050153	0.16524772	0.32969704	4.7491226	4.75226	0.44328988	0.44650364	2	0	0.522229	-0.39167178	0	10	10	-2.846798	0	12	0	1	0	0	728.3593518	1454.704151	54.40623	-.YAFELNNTVEQK.-	DECOY_DECOY_sp|Q60865|CAPR1_MOUSE	-0.06403556681276
2023_05_31_mouse_tcell_100FC+PRTC_100fmol_100ng_60k_PRM_50cm_wtrap_01.mzml:3545.0615:decoyYEPTSVVVK+2	-1	26330	5.2475057	0.37993717	0.59946	4.9464755	4.9552884	0.40890485	0.40042147	2	0	0.120857455	-0.013865348	0	10	10	-3	0	9	0	1	0	0	511.2818533	1020.549154	59.08436	-.YEPTSVVVK.-	DECOY_DECOY_sp|P18572|BASI_MOUSE	-0.06225329553985501
2023_05_31_mouse_tcell_100FC+PRTC_100fmol_100ng_60k_PRM_50cm_wtrap_01.mzml:1572.385:decoyYESSAGPLGGHSPGEC[+57.0214635]GK+3	-1	11743	4.7539234	0.35167104	0.45172828	4.4528933	4.255254	0.37807226	0.26801842	2	1	1.1604542	-0.87034065	0	10	10	-1.9408755	0	18	0	0	1	0	597.2651777	1788.773704	26.206417	-.YESSAGPLGGHSPGEC[+57.0214635]GK.-	DECOY_DECOY_sp|Q9WTK5|NFKB2_MOUSE	-0.04611232015055999
2023_05_31_mouse_tcell_100FC+PRTC_100fmol_100ng_60k_PRM_50cm_wtrap_01.mzml:5442.1416:YFSSGPDRTVQFWEQDGIPVLSK+3	1	40345	7.8304195	0.638834	0.6625473	4.973087	4.656224	0.010341471	0.005115895	6	1	1.965731	-0.93427277	0	10	10	0.5944638	1	23	0	0	1	0	886.1062464	2655.29691	90.70236	-.YFSSGPDRTVQFWEQDGIPVLSK.-	sp|Q60837|I12R1_MOUSE	0.011636673072408999
2023_05_31_mouse_tcell_100FC+PRTC_100fmol_100ng_60k_PRM_50cm_wtrap_01.mzml:1574.6897:YGC[+57.0214635]EGPSHGGLPGASSEK+3	1	11760	7.6780725	1.0321356	0.81545943	4.8207397	4.5248904	0.05001173	0.025305934	6	0	3.0966263	2.3224697	0	10	10	-1.5804819	0	18	0	0	1	0	597.265178	1788.773705	26.24483	-.YGC[+57.0214635]EGPSHGGLPGASSEK.-	sp|Q9WTK5|NFKB2_MOUSE	0.0023596254955960006
2023_05_31_mouse_tcell_100FC+PRTC_100fmol_100ng_60k_PRM_50cm_wtrap_01.mzml:4673.4956:YGFIEGNVVIPR+2	1	34671	12.431182	2.2352023	3.1587977	5.8714185	5.5730944	0.001095318	5.51E-04	10	10	0.9141099	0.0801196	0.96863604	2.6541233	-0.03822295	-1.5596611	0	12	0	1	0	0	682.3720653	1362.729578	77.891594	-.YGFIEGNVVIPR.-	sp|P15379|CD44_MOUSE	0.014392569917162003
2023_05_31_mouse_tcell_100FC+PRTC_100fmol_100ng_60k_PRM_50cm_wtrap_01.mzml:3558.4517:YPFTAQVDSPVK+2	1	26429	9.590871	1.4639674	2.1056032	4.98535	4.6865945	0.006198388	0.003115465	8	0	1.9607874	-1.4705906	0.93780166	2.8854764	1.1556561	-0.81877756	0	12	0	1	0	0	676.3482563	1350.68196	59.30753	-.YPFTAQVDSPVK.-	sp|P56203|CATW_MOUSE	0.011610025702006994
2023_05_31_mouse_tcell_100FC+PRTC_100fmol_100ng_60k_PRM_50cm_wtrap_01.mzml:4592.9395:decoyYPIVVNGEIFGR+2	-1	34076	5.025777	0.16672392	0.39986315	4.7247467	4.7274528	0.4053088	0.40602586	2	0	1.0631465	-0.7973599	0	10	10	-2.6258967	0	12	0	1	0	0	682.3720653	1362.729578	76.54899	-.YPIVVNGEIFGR.-	DECOY_DECOY_sp|P15379|CD44_MOUSE	-0.06006795987779001
2023_05_31_mouse_tcell_100FC+PRTC_100fmol_100ng_60k_PRM_50cm_wtrap_01.mzml:3191.8926:YQEVTNNLEFAK+2	1	23719	12.897213	1.7520742	2.3701124	6.337449	6.0395565	0.006023115	0.003033391	10	5	0.5143724	0.29434913	0.9968812	3.9230201	2.2258303	-1.871124	0	12	0	1	0	0	728.3593518	1454.704151	53.198208	-.YQEVTNNLEFAK.-	sp|Q60865|CAPR1_MOUSE	0.014209801785989
2023_05_31_mouse_tcell_100FC+PRTC_100fmol_100ng_60k_PRM_50cm_wtrap_01.mzml:5439.566:decoyYSLVPIGDQEWFQVTRDPGSSFK+3	-1	40326	4.32913	0.118749134	0.3874347	4.32913	4.3301063	0.7587119	0.7604189	1	0	3.1842616	2.3881962	0	10	10	-2.4177175	1	23	0	0	1	0	886.1062464	2655.29691	90.65943	-.YSLVPIGDQEWFQVTRDPGSSFK.-	DECOY_DECOY_sp|Q60837|I12R1_MOUSE	-0.11116668484764601
2023_05_31_mouse_tcell_100FC+PRTC_100fmol_100ng_60k_PRM_50cm_wtrap_01.mzml:3679.4575:decoyYVPSDVQATFPK+2	-1	27324	3.786045	0.08966927	0.30285108	3.786045	3.788319	0.9722691	0.9773735	1	0	3.0802314	2.3101735	0	10	10	-3	0	12	0	1	0	0	676.3482563	1350.68196	61.32429	-.YVPSDVQATFPK.-	DECOY_DECOY_sp|P56203|CATW_MOUSE	-0.14828888211704996
2023_05_31_mouse_tcell_100FC+PRTC_100fmol_100ng_60k_PRM_50cm_wtrap_01.mzml:1969.088:YVVVSTPEK+2	1	14676	10.807743	1.6978827	2.0065687	6.202222	5.9100046	0.007945536	0.00405421	8	4	0.7731333	-0.57984996	0.96800834	4.7413774	4.1751027	-1.263186	0	9	0	1	0	0	511.2818533	1020.549154	32.818134	-.YVVVSTPEK.-	sp|P18572|BASI_MOUSE	0.008814570489933997
