"seed","file","fdr_col","threshold","target_pass","target_total","decoy_pass","decoy_total"
1,"drep_tcell100p_scored_target_seed1_label0_pep_ipspline.txt","pyIsoPEP FDR",0.01,76,132,0,0
1,"drep_tcell100p_scored_target_seed1_label0_pep_ipspline.txt","pyIsoPEP FDR",0.05,118,132,0,0
2,"drep_tcell100p_scored_target_seed2_label0_pep_ipspline.txt","pyIsoPEP FDR",0.01,77,132,0,0
2,"drep_tcell100p_scored_target_seed2_label0_pep_ipspline.txt","pyIsoPEP FDR",0.05,118,132,0,0
3,"drep_tcell100p_scored_target_seed3_label0_pep_ipspline.txt","pyIsoPEP FDR",0.01,76,132,0,0
3,"drep_tcell100p_scored_target_seed3_label0_pep_ipspline.txt","pyIsoPEP FDR",0.05,118,132,0,0
4,"drep_tcell100p_scored_target_seed4_label0_pep_ipspline.txt","pyIsoPEP FDR",0.01,76,132,0,0
4,"drep_tcell100p_scored_target_seed4_label0_pep_ipspline.txt","pyIsoPEP FDR",0.05,118,132,0,0
5,"drep_tcell100p_scored_target_seed5_label0_pep_ipspline.txt","pyIsoPEP FDR",0.01,76,132,0,0
5,"drep_tcell100p_scored_target_seed5_label0_pep_ipspline.txt","pyIsoPEP FDR",0.05,118,132,0,0
6,"drep_tcell100p_scored_target_seed6_label0_pep_ipspline.txt","pyIsoPEP FDR",0.01,76,132,0,0
6,"drep_tcell100p_scored_target_seed6_label0_pep_ipspline.txt","pyIsoPEP FDR",0.05,118,132,0,0
7,"drep_tcell100p_scored_target_seed7_label0_pep_ipspline.txt","pyIsoPEP FDR",0.01,76,132,0,0
7,"drep_tcell100p_scored_target_seed7_label0_pep_ipspline.txt","pyIsoPEP FDR",0.05,117,132,0,0
8,"drep_tcell100p_scored_target_seed8_label0_pep_ipspline.txt","pyIsoPEP FDR",0.01,77,132,0,0
8,"drep_tcell100p_scored_target_seed8_label0_pep_ipspline.txt","pyIsoPEP FDR",0.05,117,132,0,0
9,"drep_tcell100p_scored_target_seed9_label0_pep_ipspline.txt","pyIsoPEP FDR",0.01,76,132,0,0
9,"drep_tcell100p_scored_target_seed9_label0_pep_ipspline.txt","pyIsoPEP FDR",0.05,118,132,0,0
10,"drep_tcell100p_scored_target_seed10_label0_pep_ipspline.txt","pyIsoPEP FDR",0.01,76,132,0,0
10,"drep_tcell100p_scored_target_seed10_label0_pep_ipspline.txt","pyIsoPEP FDR",0.05,118,132,0,0
11,"drep_tcell100p_scored_target_seed11_label0_pep_ipspline.txt","pyIsoPEP FDR",0.01,76,132,0,0
11,"drep_tcell100p_scored_target_seed11_label0_pep_ipspline.txt","pyIsoPEP FDR",0.05,118,132,0,0
12,"drep_tcell100p_scored_target_seed12_label0_pep_ipspline.txt","pyIsoPEP FDR",0.01,77,132,0,0
12,"drep_tcell100p_scored_target_seed12_label0_pep_ipspline.txt","pyIsoPEP FDR",0.05,118,132,0,0
13,"drep_tcell100p_scored_target_seed13_label0_pep_ipspline.txt","pyIsoPEP FDR",0.01,76,132,0,0
13,"drep_tcell100p_scored_target_seed13_label0_pep_ipspline.txt","pyIsoPEP FDR",0.05,118,132,0,0
14,"drep_tcell100p_scored_target_seed14_label0_pep_ipspline.txt","pyIsoPEP FDR",0.01,77,132,0,0
14,"drep_tcell100p_scored_target_seed14_label0_pep_ipspline.txt","pyIsoPEP FDR",0.05,118,132,0,0
15,"drep_tcell100p_scored_target_seed15_label0_pep_ipspline.txt","pyIsoPEP FDR",0.01,77,132,0,0
15,"drep_tcell100p_scored_target_seed15_label0_pep_ipspline.txt","pyIsoPEP FDR",0.05,118,132,0,0
16,"drep_tcell100p_scored_target_seed16_label0_pep_ipspline.txt","pyIsoPEP FDR",0.01,77,132,0,0
16,"drep_tcell100p_scored_target_seed16_label0_pep_ipspline.txt","pyIsoPEP FDR",0.05,118,132,0,0
17,"drep_tcell100p_scored_target_seed17_label0_pep_ipspline.txt","pyIsoPEP FDR",0.01,77,132,0,0
17,"drep_tcell100p_scored_target_seed17_label0_pep_ipspline.txt","pyIsoPEP FDR",0.05,118,132,0,0
18,"drep_tcell100p_scored_target_seed18_label0_pep_ipspline.txt","pyIsoPEP FDR",0.01,76,132,0,0
18,"drep_tcell100p_scored_target_seed18_label0_pep_ipspline.txt","pyIsoPEP FDR",0.05,118,132,0,0
19,"drep_tcell100p_scored_target_seed19_label0_pep_ipspline.txt","pyIsoPEP FDR",0.01,77,132,0,0
19,"drep_tcell100p_scored_target_seed19_label0_pep_ipspline.txt","pyIsoPEP FDR",0.05,118,132,0,0
20,"drep_tcell100p_scored_target_seed20_label0_pep_ipspline.txt","pyIsoPEP FDR",0.01,76,132,0,0
20,"drep_tcell100p_scored_target_seed20_label0_pep_ipspline.txt","pyIsoPEP FDR",0.05,118,132,0,0
21,"drep_tcell100p_scored_target_seed21_label0_pep_ipspline.txt","pyIsoPEP FDR",0.01,77,132,0,0
21,"drep_tcell100p_scored_target_seed21_label0_pep_ipspline.txt","pyIsoPEP FDR",0.05,118,132,0,0
22,"drep_tcell100p_scored_target_seed22_label0_pep_ipspline.txt","pyIsoPEP FDR",0.01,77,132,0,0
22,"drep_tcell100p_scored_target_seed22_label0_pep_ipspline.txt","pyIsoPEP FDR",0.05,118,132,0,0
23,"drep_tcell100p_scored_target_seed23_label0_pep_ipspline.txt","pyIsoPEP FDR",0.01,77,132,0,0
23,"drep_tcell100p_scored_target_seed23_label0_pep_ipspline.txt","pyIsoPEP FDR",0.05,118,132,0,0
24,"drep_tcell100p_scored_target_seed24_label0_pep_ipspline.txt","pyIsoPEP FDR",0.01,76,132,0,0
24,"drep_tcell100p_scored_target_seed24_label0_pep_ipspline.txt","pyIsoPEP FDR",0.05,118,132,0,0
25,"drep_tcell100p_scored_target_seed25_label0_pep_ipspline.txt","pyIsoPEP FDR",0.01,77,132,0,0
25,"drep_tcell100p_scored_target_seed25_label0_pep_ipspline.txt","pyIsoPEP FDR",0.05,118,132,0,0
26,"drep_tcell100p_scored_target_seed26_label0_pep_ipspline.txt","pyIsoPEP FDR",0.01,77,132,0,0
26,"drep_tcell100p_scored_target_seed26_label0_pep_ipspline.txt","pyIsoPEP FDR",0.05,118,132,0,0
27,"drep_tcell100p_scored_target_seed27_label0_pep_ipspline.txt","pyIsoPEP FDR",0.01,77,132,0,0
27,"drep_tcell100p_scored_target_seed27_label0_pep_ipspline.txt","pyIsoPEP FDR",0.05,118,132,0,0
28,"drep_tcell100p_scored_target_seed28_label0_pep_ipspline.txt","pyIsoPEP FDR",0.01,76,132,0,0
28,"drep_tcell100p_scored_target_seed28_label0_pep_ipspline.txt","pyIsoPEP FDR",0.05,118,132,0,0
29,"drep_tcell100p_scored_target_seed29_label0_pep_ipspline.txt","pyIsoPEP FDR",0.01,77,132,0,0
29,"drep_tcell100p_scored_target_seed29_label0_pep_ipspline.txt","pyIsoPEP FDR",0.05,118,132,0,0
30,"drep_tcell100p_scored_target_seed30_label0_pep_ipspline.txt","pyIsoPEP FDR",0.01,76,132,0,0
30,"drep_tcell100p_scored_target_seed30_label0_pep_ipspline.txt","pyIsoPEP FDR",0.05,118,132,0,0
31,"drep_tcell100p_scored_target_seed31_label0_pep_ipspline.txt","pyIsoPEP FDR",0.01,76,132,0,0
31,"drep_tcell100p_scored_target_seed31_label0_pep_ipspline.txt","pyIsoPEP FDR",0.05,118,132,0,0
32,"drep_tcell100p_scored_target_seed32_label0_pep_ipspline.txt","pyIsoPEP FDR",0.01,77,132,0,0
32,"drep_tcell100p_scored_target_seed32_label0_pep_ipspline.txt","pyIsoPEP FDR",0.05,118,132,0,0
33,"drep_tcell100p_scored_target_seed33_label0_pep_ipspline.txt","pyIsoPEP FDR",0.01,76,132,0,0
33,"drep_tcell100p_scored_target_seed33_label0_pep_ipspline.txt","pyIsoPEP FDR",0.05,118,132,0,0
34,"drep_tcell100p_scored_target_seed34_label0_pep_ipspline.txt","pyIsoPEP FDR",0.01,77,132,0,0
34,"drep_tcell100p_scored_target_seed34_label0_pep_ipspline.txt","pyIsoPEP FDR",0.05,118,132,0,0
35,"drep_tcell100p_scored_target_seed35_label0_pep_ipspline.txt","pyIsoPEP FDR",0.01,77,132,0,0
35,"drep_tcell100p_scored_target_seed35_label0_pep_ipspline.txt","pyIsoPEP FDR",0.05,118,132,0,0
36,"drep_tcell100p_scored_target_seed36_label0_pep_ipspline.txt","pyIsoPEP FDR",0.01,76,132,0,0
36,"drep_tcell100p_scored_target_seed36_label0_pep_ipspline.txt","pyIsoPEP FDR",0.05,118,132,0,0
37,"drep_tcell100p_scored_target_seed37_label0_pep_ipspline.txt","pyIsoPEP FDR",0.01,76,132,0,0
37,"drep_tcell100p_scored_target_seed37_label0_pep_ipspline.txt","pyIsoPEP FDR",0.05,118,132,0,0
38,"drep_tcell100p_scored_target_seed38_label0_pep_ipspline.txt","pyIsoPEP FDR",0.01,76,132,0,0
38,"drep_tcell100p_scored_target_seed38_label0_pep_ipspline.txt","pyIsoPEP FDR",0.05,118,132,0,0
39,"drep_tcell100p_scored_target_seed39_label0_pep_ipspline.txt","pyIsoPEP FDR",0.01,77,132,0,0
39,"drep_tcell100p_scored_target_seed39_label0_pep_ipspline.txt","pyIsoPEP FDR",0.05,118,132,0,0
40,"drep_tcell100p_scored_target_seed40_label0_pep_ipspline.txt","pyIsoPEP FDR",0.01,77,132,0,0
40,"drep_tcell100p_scored_target_seed40_label0_pep_ipspline.txt","pyIsoPEP FDR",0.05,118,132,0,0
41,"drep_tcell100p_scored_target_seed41_label0_pep_ipspline.txt","pyIsoPEP FDR",0.01,77,132,0,0
41,"drep_tcell100p_scored_target_seed41_label0_pep_ipspline.txt","pyIsoPEP FDR",0.05,118,132,0,0
42,"drep_tcell100p_scored_target_seed42_label0_pep_ipspline.txt","pyIsoPEP FDR",0.01,76,132,0,0
42,"drep_tcell100p_scored_target_seed42_label0_pep_ipspline.txt","pyIsoPEP FDR",0.05,118,132,0,0
43,"drep_tcell100p_scored_target_seed43_label0_pep_ipspline.txt","pyIsoPEP FDR",0.01,76,132,0,0
43,"drep_tcell100p_scored_target_seed43_label0_pep_ipspline.txt","pyIsoPEP FDR",0.05,118,132,0,0
44,"drep_tcell100p_scored_target_seed44_label0_pep_ipspline.txt","pyIsoPEP FDR",0.01,77,132,0,0
44,"drep_tcell100p_scored_target_seed44_label0_pep_ipspline.txt","pyIsoPEP FDR",0.05,118,132,0,0
45,"drep_tcell100p_scored_target_seed45_label0_pep_ipspline.txt","pyIsoPEP FDR",0.01,76,132,0,0
45,"drep_tcell100p_scored_target_seed45_label0_pep_ipspline.txt","pyIsoPEP FDR",0.05,118,132,0,0
46,"drep_tcell100p_scored_target_seed46_label0_pep_ipspline.txt","pyIsoPEP FDR",0.01,76,132,0,0
46,"drep_tcell100p_scored_target_seed46_label0_pep_ipspline.txt","pyIsoPEP FDR",0.05,118,132,0,0
47,"drep_tcell100p_scored_target_seed47_label0_pep_ipspline.txt","pyIsoPEP FDR",0.01,76,132,0,0
47,"drep_tcell100p_scored_target_seed47_label0_pep_ipspline.txt","pyIsoPEP FDR",0.05,118,132,0,0
48,"drep_tcell100p_scored_target_seed48_label0_pep_ipspline.txt","pyIsoPEP FDR",0.01,77,132,0,0
48,"drep_tcell100p_scored_target_seed48_label0_pep_ipspline.txt","pyIsoPEP FDR",0.05,117,132,0,0
49,"drep_tcell100p_scored_target_seed49_label0_pep_ipspline.txt","pyIsoPEP FDR",0.01,77,132,0,0
49,"drep_tcell100p_scored_target_seed49_label0_pep_ipspline.txt","pyIsoPEP FDR",0.05,118,132,0,0
50,"drep_tcell100p_scored_target_seed50_label0_pep_ipspline.txt","pyIsoPEP FDR",0.01,77,132,0,0
50,"drep_tcell100p_scored_target_seed50_label0_pep_ipspline.txt","pyIsoPEP FDR",0.05,118,132,0,0
51,"drep_tcell100p_scored_target_seed51_label0_pep_ipspline.txt","pyIsoPEP FDR",0.01,76,132,0,0
51,"drep_tcell100p_scored_target_seed51_label0_pep_ipspline.txt","pyIsoPEP FDR",0.05,118,132,0,0
52,"drep_tcell100p_scored_target_seed52_label0_pep_ipspline.txt","pyIsoPEP FDR",0.01,76,132,0,0
52,"drep_tcell100p_scored_target_seed52_label0_pep_ipspline.txt","pyIsoPEP FDR",0.05,118,132,0,0
53,"drep_tcell100p_scored_target_seed53_label0_pep_ipspline.txt","pyIsoPEP FDR",0.01,76,132,0,0
53,"drep_tcell100p_scored_target_seed53_label0_pep_ipspline.txt","pyIsoPEP FDR",0.05,118,132,0,0
54,"drep_tcell100p_scored_target_seed54_label0_pep_ipspline.txt","pyIsoPEP FDR",0.01,76,132,0,0
54,"drep_tcell100p_scored_target_seed54_label0_pep_ipspline.txt","pyIsoPEP FDR",0.05,118,132,0,0
55,"drep_tcell100p_scored_target_seed55_label0_pep_ipspline.txt","pyIsoPEP FDR",0.01,76,132,0,0
55,"drep_tcell100p_scored_target_seed55_label0_pep_ipspline.txt","pyIsoPEP FDR",0.05,118,132,0,0
56,"drep_tcell100p_scored_target_seed56_label0_pep_ipspline.txt","pyIsoPEP FDR",0.01,77,132,0,0
56,"drep_tcell100p_scored_target_seed56_label0_pep_ipspline.txt","pyIsoPEP FDR",0.05,118,132,0,0
57,"drep_tcell100p_scored_target_seed57_label0_pep_ipspline.txt","pyIsoPEP FDR",0.01,76,132,0,0
57,"drep_tcell100p_scored_target_seed57_label0_pep_ipspline.txt","pyIsoPEP FDR",0.05,118,132,0,0
58,"drep_tcell100p_scored_target_seed58_label0_pep_ipspline.txt","pyIsoPEP FDR",0.01,76,132,0,0
58,"drep_tcell100p_scored_target_seed58_label0_pep_ipspline.txt","pyIsoPEP FDR",0.05,118,132,0,0
59,"drep_tcell100p_scored_target_seed59_label0_pep_ipspline.txt","pyIsoPEP FDR",0.01,77,132,0,0
59,"drep_tcell100p_scored_target_seed59_label0_pep_ipspline.txt","pyIsoPEP FDR",0.05,118,132,0,0
60,"drep_tcell100p_scored_target_seed60_label0_pep_ipspline.txt","pyIsoPEP FDR",0.01,77,132,0,0
60,"drep_tcell100p_scored_target_seed60_label0_pep_ipspline.txt","pyIsoPEP FDR",0.05,117,132,0,0
61,"drep_tcell100p_scored_target_seed61_label0_pep_ipspline.txt","pyIsoPEP FDR",0.01,77,132,0,0
61,"drep_tcell100p_scored_target_seed61_label0_pep_ipspline.txt","pyIsoPEP FDR",0.05,118,132,0,0
62,"drep_tcell100p_scored_target_seed62_label0_pep_ipspline.txt","pyIsoPEP FDR",0.01,76,132,0,0
62,"drep_tcell100p_scored_target_seed62_label0_pep_ipspline.txt","pyIsoPEP FDR",0.05,118,132,0,0
63,"drep_tcell100p_scored_target_seed63_label0_pep_ipspline.txt","pyIsoPEP FDR",0.01,76,132,0,0
63,"drep_tcell100p_scored_target_seed63_label0_pep_ipspline.txt","pyIsoPEP FDR",0.05,118,132,0,0
64,"drep_tcell100p_scored_target_seed64_label0_pep_ipspline.txt","pyIsoPEP FDR",0.01,76,132,0,0
64,"drep_tcell100p_scored_target_seed64_label0_pep_ipspline.txt","pyIsoPEP FDR",0.05,118,132,0,0
65,"drep_tcell100p_scored_target_seed65_label0_pep_ipspline.txt","pyIsoPEP FDR",0.01,77,132,0,0
65,"drep_tcell100p_scored_target_seed65_label0_pep_ipspline.txt","pyIsoPEP FDR",0.05,118,132,0,0
66,"drep_tcell100p_scored_target_seed66_label0_pep_ipspline.txt","pyIsoPEP FDR",0.01,76,132,0,0
66,"drep_tcell100p_scored_target_seed66_label0_pep_ipspline.txt","pyIsoPEP FDR",0.05,118,132,0,0
67,"drep_tcell100p_scored_target_seed67_label0_pep_ipspline.txt","pyIsoPEP FDR",0.01,76,132,0,0
67,"drep_tcell100p_scored_target_seed67_label0_pep_ipspline.txt","pyIsoPEP FDR",0.05,117,132,0,0
68,"drep_tcell100p_scored_target_seed68_label0_pep_ipspline.txt","pyIsoPEP FDR",0.01,76,132,0,0
68,"drep_tcell100p_scored_target_seed68_label0_pep_ipspline.txt","pyIsoPEP FDR",0.05,118,132,0,0
69,"drep_tcell100p_scored_target_seed69_label0_pep_ipspline.txt","pyIsoPEP FDR",0.01,76,132,0,0
69,"drep_tcell100p_scored_target_seed69_label0_pep_ipspline.txt","pyIsoPEP FDR",0.05,118,132,0,0
70,"drep_tcell100p_scored_target_seed70_label0_pep_ipspline.txt","pyIsoPEP FDR",0.01,77,132,0,0
70,"drep_tcell100p_scored_target_seed70_label0_pep_ipspline.txt","pyIsoPEP FDR",0.05,117,132,0,0
71,"drep_tcell100p_scored_target_seed71_label0_pep_ipspline.txt","pyIsoPEP FDR",0.01,76,132,0,0
71,"drep_tcell100p_scored_target_seed71_label0_pep_ipspline.txt","pyIsoPEP FDR",0.05,117,132,0,0
72,"drep_tcell100p_scored_target_seed72_label0_pep_ipspline.txt","pyIsoPEP FDR",0.01,76,132,0,0
72,"drep_tcell100p_scored_target_seed72_label0_pep_ipspline.txt","pyIsoPEP FDR",0.05,118,132,0,0
73,"drep_tcell100p_scored_target_seed73_label0_pep_ipspline.txt","pyIsoPEP FDR",0.01,76,132,0,0
73,"drep_tcell100p_scored_target_seed73_label0_pep_ipspline.txt","pyIsoPEP FDR",0.05,117,132,0,0
74,"drep_tcell100p_scored_target_seed74_label0_pep_ipspline.txt","pyIsoPEP FDR",0.01,76,132,0,0
74,"drep_tcell100p_scored_target_seed74_label0_pep_ipspline.txt","pyIsoPEP FDR",0.05,118,132,0,0
75,"drep_tcell100p_scored_target_seed75_label0_pep_ipspline.txt","pyIsoPEP FDR",0.01,76,132,0,0
75,"drep_tcell100p_scored_target_seed75_label0_pep_ipspline.txt","pyIsoPEP FDR",0.05,118,132,0,0
76,"drep_tcell100p_scored_target_seed76_label0_pep_ipspline.txt","pyIsoPEP FDR",0.01,76,132,0,0
76,"drep_tcell100p_scored_target_seed76_label0_pep_ipspline.txt","pyIsoPEP FDR",0.05,118,132,0,0
77,"drep_tcell100p_scored_target_seed77_label0_pep_ipspline.txt","pyIsoPEP FDR",0.01,76,132,0,0
77,"drep_tcell100p_scored_target_seed77_label0_pep_ipspline.txt","pyIsoPEP FDR",0.05,118,132,0,0
78,"drep_tcell100p_scored_target_seed78_label0_pep_ipspline.txt","pyIsoPEP FDR",0.01,76,132,0,0
78,"drep_tcell100p_scored_target_seed78_label0_pep_ipspline.txt","pyIsoPEP FDR",0.05,118,132,0,0
79,"drep_tcell100p_scored_target_seed79_label0_pep_ipspline.txt","pyIsoPEP FDR",0.01,76,132,0,0
79,"drep_tcell100p_scored_target_seed79_label0_pep_ipspline.txt","pyIsoPEP FDR",0.05,117,132,0,0
80,"drep_tcell100p_scored_target_seed80_label0_pep_ipspline.txt","pyIsoPEP FDR",0.01,76,132,0,0
80,"drep_tcell100p_scored_target_seed80_label0_pep_ipspline.txt","pyIsoPEP FDR",0.05,118,132,0,0
81,"drep_tcell100p_scored_target_seed81_label0_pep_ipspline.txt","pyIsoPEP FDR",0.01,76,132,0,0
81,"drep_tcell100p_scored_target_seed81_label0_pep_ipspline.txt","pyIsoPEP FDR",0.05,118,132,0,0
82,"drep_tcell100p_scored_target_seed82_label0_pep_ipspline.txt","pyIsoPEP FDR",0.01,76,132,0,0
82,"drep_tcell100p_scored_target_seed82_label0_pep_ipspline.txt","pyIsoPEP FDR",0.05,118,132,0,0
83,"drep_tcell100p_scored_target_seed83_label0_pep_ipspline.txt","pyIsoPEP FDR",0.01,76,132,0,0
83,"drep_tcell100p_scored_target_seed83_label0_pep_ipspline.txt","pyIsoPEP FDR",0.05,118,132,0,0
84,"drep_tcell100p_scored_target_seed84_label0_pep_ipspline.txt","pyIsoPEP FDR",0.01,76,132,0,0
84,"drep_tcell100p_scored_target_seed84_label0_pep_ipspline.txt","pyIsoPEP FDR",0.05,118,132,0,0
85,"drep_tcell100p_scored_target_seed85_label0_pep_ipspline.txt","pyIsoPEP FDR",0.01,77,132,0,0
85,"drep_tcell100p_scored_target_seed85_label0_pep_ipspline.txt","pyIsoPEP FDR",0.05,118,132,0,0
86,"drep_tcell100p_scored_target_seed86_label0_pep_ipspline.txt","pyIsoPEP FDR",0.01,76,132,0,0
86,"drep_tcell100p_scored_target_seed86_label0_pep_ipspline.txt","pyIsoPEP FDR",0.05,118,132,0,0
87,"drep_tcell100p_scored_target_seed87_label0_pep_ipspline.txt","pyIsoPEP FDR",0.01,76,132,0,0
87,"drep_tcell100p_scored_target_seed87_label0_pep_ipspline.txt","pyIsoPEP FDR",0.05,118,132,0,0
88,"drep_tcell100p_scored_target_seed88_label0_pep_ipspline.txt","pyIsoPEP FDR",0.01,76,132,0,0
88,"drep_tcell100p_scored_target_seed88_label0_pep_ipspline.txt","pyIsoPEP FDR",0.05,118,132,0,0
89,"drep_tcell100p_scored_target_seed89_label0_pep_ipspline.txt","pyIsoPEP FDR",0.01,77,132,0,0
89,"drep_tcell100p_scored_target_seed89_label0_pep_ipspline.txt","pyIsoPEP FDR",0.05,118,132,0,0
90,"drep_tcell100p_scored_target_seed90_label0_pep_ipspline.txt","pyIsoPEP FDR",0.01,77,132,0,0
90,"drep_tcell100p_scored_target_seed90_label0_pep_ipspline.txt","pyIsoPEP FDR",0.05,118,132,0,0
91,"drep_tcell100p_scored_target_seed91_label0_pep_ipspline.txt","pyIsoPEP FDR",0.01,76,132,0,0
91,"drep_tcell100p_scored_target_seed91_label0_pep_ipspline.txt","pyIsoPEP FDR",0.05,118,132,0,0
92,"drep_tcell100p_scored_target_seed92_label0_pep_ipspline.txt","pyIsoPEP FDR",0.01,76,132,0,0
92,"drep_tcell100p_scored_target_seed92_label0_pep_ipspline.txt","pyIsoPEP FDR",0.05,118,132,0,0
93,"drep_tcell100p_scored_target_seed93_label0_pep_ipspline.txt","pyIsoPEP FDR",0.01,77,132,0,0
93,"drep_tcell100p_scored_target_seed93_label0_pep_ipspline.txt","pyIsoPEP FDR",0.05,118,132,0,0
94,"drep_tcell100p_scored_target_seed94_label0_pep_ipspline.txt","pyIsoPEP FDR",0.01,76,132,0,0
94,"drep_tcell100p_scored_target_seed94_label0_pep_ipspline.txt","pyIsoPEP FDR",0.05,118,132,0,0
95,"drep_tcell100p_scored_target_seed95_label0_pep_ipspline.txt","pyIsoPEP FDR",0.01,76,132,0,0
95,"drep_tcell100p_scored_target_seed95_label0_pep_ipspline.txt","pyIsoPEP FDR",0.05,118,132,0,0
96,"drep_tcell100p_scored_target_seed96_label0_pep_ipspline.txt","pyIsoPEP FDR",0.01,77,132,0,0
96,"drep_tcell100p_scored_target_seed96_label0_pep_ipspline.txt","pyIsoPEP FDR",0.05,118,132,0,0
97,"drep_tcell100p_scored_target_seed97_label0_pep_ipspline.txt","pyIsoPEP FDR",0.01,77,132,0,0
97,"drep_tcell100p_scored_target_seed97_label0_pep_ipspline.txt","pyIsoPEP FDR",0.05,118,132,0,0
98,"drep_tcell100p_scored_target_seed98_label0_pep_ipspline.txt","pyIsoPEP FDR",0.01,77,132,0,0
98,"drep_tcell100p_scored_target_seed98_label0_pep_ipspline.txt","pyIsoPEP FDR",0.05,118,132,0,0
99,"drep_tcell100p_scored_target_seed99_label0_pep_ipspline.txt","pyIsoPEP FDR",0.01,76,132,0,0
99,"drep_tcell100p_scored_target_seed99_label0_pep_ipspline.txt","pyIsoPEP FDR",0.05,118,132,0,0
100,"drep_tcell100p_scored_target_seed100_label0_pep_ipspline.txt","pyIsoPEP FDR",0.01,77,132,0,0
100,"drep_tcell100p_scored_target_seed100_label0_pep_ipspline.txt","pyIsoPEP FDR",0.05,118,132,0,0
